service_id,service_name,units,service_tax,service_code,status,conduction_applicable,specialization,serv_dept_id,username,service_sub_group_id,conducting_doc_mandatory,insurance_category_id,prior_auth_required,allow_rate_increase,allow_rate_decrease,remarks,tooth_num_required,doc_speciality_id,conducting_role_id,obsolete_conducting_doc,hl7_export_code
SERV0091,Virechana-Nitya **,,0.00,,A,t,,1,jayanthig,77,N,-1,N,f,f,,N,,,N,
SERV0092,Yoni Pichu **,,0.00,6,A,t,,24,jayanthig,208,N,-1,N,f,f,,N,,,N,
SERV0093,Yoni Pooranam **,1,0.00,7,A,t,,24,jayanthig,208,N,-1,N,f,f,,N,,,N,
SERV0203,Group Yoga session for IP,1,0.00,16,A,t,,15,jayanthig,79,N,-1,N,f,f,,N,,,N,
SERV0365,Strapping Of Chest,1,0.00,40,A,t,,8,jayanthig,78,N,-1,N,t,t,,N,,,N,
SERV0366,Strapping of fingers,1,0.00,41,A,t,,8,jayanthig,78,N,-1,N,t,t,,N,,,N,
SERV0367,Oushadha 7,1,0.00,6,A,t,,29,sheenap,211,N,-1,N,t,t,,N,,,N,
SERV0636,Wound Debridment - Special^,,0.00,72,A,t,,8,smitha,78,N,-1,N,f,f,,N,,,,
SERV0050,Virechanam,Each,0.00,,I,t,,1,,77,N,-1,N,f,f,,N,,,N,
SERV0621,Lepam-Ekanga(Special) ^,1,0.00,33,A,t,,34,smitha,259,N,-1,N,t,t,,N,,,,
SERV0637,Vaginal Polypectomy,,0.00,25,A,t,,24,smitha,208,N,-1,N,f,f,,N,,,,
SERV0638,Hasta prasadana (Manicure),,0.00,253,A,t,,1,smitha,77,N,-1,N,t,t,,N,,,,
SERV0639,Pada prasadana (Pedicure),,0.00,254,A,t,,1,smitha,77,N,-1,N,t,t,,N,,,,
SERV0640,Straight Wire/MBT,,0.00,,A,t,,35,smitha,260,N,1,N,t,t,,N,,,,
SERV0413,Avagaham Sarvanga with kashaya ^,1,0.00,284,A,t,,1,jayanthig,77,N,-1,N,t,t,,N,,,N,
SERV0616,Dhoopana - Kesha,1,0.00,97,A,t,,34,smitha,259,N,-1,N,t,t,,N,,,,
SERV0425,Ryles's Tube Insertion / catheterization,1,0.00,42,A,t,,8,jayanthig,78,N,-1,N,t,t,,N,,,N,
SERV0641,Ceramic,,0.00,1,A,t,,35,smitha,260,N,1,N,t,t,,N,,,,
SERV0642,Functional,,0.00,2,A,t,,35,smitha,260,N,1,N,t,t,,N,,,,
SERV0625,Dhanyamla Pinda Sweda - Sarvanga,1,0.00,98,A,t,,34,smitha,259,N,-1,N,t,t,,N,,,,
SERV0603,Multi Station Gym -With Static Cycle(with Instructor),,0.00,29,A,t,,22,sheenap,81,N,-1,N,t,t,,N,,,,
SERV0604,Multi Station Gym -With Static Cycle(without Instructor),,0.00,30,A,t,,22,sheenap,81,N,-1,N,t,t,,N,,,,
SERV0605,Pichu (All joints)^,,0.00,338,A,t,,1,asha,77,N,-1,N,t,t,,N,,,,
SERV0643,Functional followed by fixed,,0.00,3,A,t,,35,smitha,260,N,1,N,t,t,,N,,,,
SERV0610,IR Therapy,Each,0.00,31,A,t,,22,prashantbv,81,N,-1,N,f,f,,N,,,,
SERV0611,Wound Debridment - Large,Each,0.00,64,A,t,,8,prashantbv,78,N,-1,N,f,f,,N,,,,
SERV0613,Wound Debridment - Medium,,0.00,66,A,t,,8,prashantbv,78,N,-1,N,f,f,,N,,,,
SERV0644,Expansion Hyrax,,0.00,4,A,t,,35,smitha,260,N,1,N,t,t,,N,,,,
SERV0645,Dental Expansion,,0.00,5,A,t,,35,smitha,260,N,1,N,t,t,,N,,,,
SERV0617,Pattabandhana,1,0.00,344,A,t,,1,prashantbv,77,N,-1,N,t,t,,N,,,,
SERV0646,Dental Expansion Fixed,,0.00,6,A,t,,35,smitha,260,N,1,N,t,t,,N,,,,
SERV0647,"Removable Appliance,ABP,Nance,Tongue crib",,0.00,7,A,t,,35,smitha,260,N,1,N,t,t,,N,,,,
SERV0629,Corn Excision - Medium,,0.00,69,A,t,,8,prashantbv,78,N,-1,N,f,f,,N,,,,
SERV0619,Lepam-Sarvaga(Special) ^,1,0.00,346,I,t,,1,asha,77,N,-1,N,t,t,,N,,,,
SERV0630,Corn Excision - Small,,0.00,70,A,t,,8,prashantbv,78,N,-1,N,f,f,,N,,,,
SERV0628,Leg Skin Traction,1,0.00,68,A,t,,8,smitha,78,N,-1,N,t,t,,N,,,,
SERV0005,Ekanga Dhara,Each,0.00,,I,t,,1,jayanthi,77,N,-1,N,f,f,,N,,,N,
SERV0065,Lepam-Jihwa,,0.00,,I,t,,1,jayanthi,77,N,-1,N,f,f,,N,,,N,
SERV0465,BPMT Backbone & Spinal Support - STC,,0.00,1,I,t,,32,sheenap,221,O,-1,N,t,t,,N,,,Y,
SERV0631,Yoni Lepam^,Each,0.00,21,A,t,,24,smitha,208,N,-1,N,f,f,,N,,,,
SERV0632,Yoni Kalka Dharanam^,Each,0.00,22,A,t,,24,smitha,208,N,-1,N,f,f,,N,,,,
SERV0618,Oil Application - Ekanga^,1,0.00,345,A,t,,1,asha,77,N,-1,N,t,t,,N,,,,
SERV0624,Oil Application - Ardhanga^,,0.00,351,A,t,,1,asha,77,N,-1,N,t,t,,N,,,,
SERV0623,Oil Application - Sarvanga^,,0.00,350,A,t,,1,asha,77,N,-1,N,t,t,,N,,,,
SERV0648,Splint,,0.00,8,A,t,,35,smitha,260,N,1,N,t,t,,N,,,,
SERV0767,Navajatha Abhyangam^,,0.00,265,A,t,,1,smitha,77,N,1,N,t,t,,N,,,,
SERV0633,Hand Splint(Single),Each,0.00,71,A,t,,8,smitha,78,N,-1,N,f,f,,N,,,,
SERV0634,VIA (Visual Inspection with Acetic acid),Each,0.00,23,A,t,,24,smitha,208,N,-1,N,f,f,,N,,,,
SERV0031,Pichu ^,Each,0.00,,A,t,,1,jayanthig,77,N,-1,N,f,f,,N,,,N,
SERV0044,Traction,Each,0.00,250,A,t,,22,jayanthig,81,N,-1,N,f,f,,N,,,N,
SERV0070,Aschyotanam (Prakshalanam)-Netra ^,,0.00,,A,t,,1,jayanthig,77,N,-1,N,f,f,,N,,,N,
SERV0071,Sweda-SSPS(Navara Kizhi)-Netra,,0.00,,A,t,,1,jayanthig,77,N,-1,N,f,f,,N,,,N,
SERV0073,Tarpanam-Netra ^,,0.00,,A,t,,1,jayanthig,77,N,-1,N,f,f,,N,,,N,
SERV0077,Pichu-Shiro^,,0.00,,A,t,,1,jayanthig,77,N,-1,N,f,f,,N,,,N,
SERV0090,Agnikarma(Corn/Skin tags/Calcaneal spur)),,0.00,331,A,t,,1,sheenap,77,N,-1,N,f,f,,N,,,N,
SERV0341,Sweda-Valuka-Ardhanga ^,1,0.00,5,A,t,,34,smitha,259,N,-1,N,t,t,,N,,,N,
SERV0622,Avagaham-Ardhanga^,1,0.00,12,A,t,,34,smitha,259,N,-1,N,t,t,,N,,,,
SERV0074,Vidalaka-Netra ^,,0.00,14,A,t,,34,smitha,259,N,-1,N,f,f,,N,,,N,
SERV0348,Vasti-Asthapana-Ksheera samamsa^,1,0.00,25,A,t,,34,smitha,259,N,-1,N,t,t,,N,,,N,
SERV0620,Lepam-Ardhanga(Special) ^,1,0.00,34,A,t,,34,smitha,259,N,-1,N,t,t,,N,,,,
SERV0412,Lepam Ekanga^,1,0.00,30,A,t,,34,smitha,259,N,-1,N,t,t,,N,,,N,
SERV0606,Shatahwadi Pinda Sweda - Sarvanga,Each,0.00,60,A,t,,34,smitha,259,N,-1,N,f,f,,N,,,,
SERV0329,Annalepanam (Njavara Teppu) ^,1,0.00,71,A,t,,34,smitha,259,N,-1,N,t,t,,N,,,N,
SERV0411,Lepam Sthanika^,1,0.00,81,A,t,,34,smitha,259,N,-1,N,t,t,,N,,,N,
SERV0417,Udwarthana-Kashaya (Ardhanga) ^,1,0.00,83,A,t,,34,smitha,259,N,-1,N,t,t,,N,,,N,
SERV0519,Lepam-Mastaka (Forehead) ^,,0.00,88,A,t,,34,smitha,259,N,-1,N,t,t,,N,,,,
SERV0615,Dhoopana - Sarvanga,1,0.00,96,A,t,,34,smitha,259,N,-1,N,t,t,,N,,,,
SERV0626,Dhanyamla Pinda Sweda - Ardhanga,1,0.00,99,A,t,,34,smitha,259,N,-1,N,t,t,,N,,,,
SERV0627,Dhanyamla Pinda Sweda - Ekanga,1,0.00,100,A,t,,34,smitha,259,N,-1,N,t,t,,N,,,,
SERV0416,Udwarthana (Ekanga) ^,1,0.00,287,A,t,,1,jayanthig,77,N,-1,N,t,t,,N,,,N,
SERV0649,Breakages 2nd Onwards,,0.00,9,A,t,,35,smitha,260,N,1,N,t,t,,N,,,,
SERV0419,Udwarthana-Taila (Ardhanga) ^,1,0.00,290,A,t,,1,jayanthig,77,N,-1,N,t,t,,N,,,N,
SERV0420,Udwarthana-Taila (Ekanga) ^,1,0.00,291,A,t,,1,jayanthig,77,N,-1,N,t,t,,N,,,N,
SERV0653,SL,,0.00,13,A,t,,35,smitha,260,N,1,N,t,t,,N,,,,
SERV0655,Invisalign,,0.00,15,A,t,,35,smitha,260,N,1,N,t,t,,N,,,,
SERV0609,Probing and Primary Threading,,0.00,63,A,t,,8,prashantbv,78,N,-1,N,f,f,,N,,,,
SERV0612,Wound Debridment - Big,,0.00,65,A,t,,8,prashantbv,78,N,-1,N,f,f,,N,,,,
SERV0010,Bandhana (Big Wound),Each,0.00,,A,t,,8,jayanthig,78,N,-1,N,f,f,,N,,,N,
SERV0095,Avachurnam (Dusting) ^,,0.00,,A,t,,1,jayanthig,77,N,-1,N,f,f,,N,,,N,
SERV0097,Yoga session,Each,0.00,,A,t,,15,jayanthig,79,N,-1,N,f,f,,N,,,N,
SERV0107,Injection Prick,,0.00,,A,t,,8,jayanthig,78,N,-1,N,f,f,,N,,,N,
SERV0108,IV Fluids,,0.00,,A,t,,8,jayanthig,78,N,-1,N,f,f,,N,,,N,
SERV0110,Nebulization,,0.00,,A,t,,8,jayanthig,78,N,-1,N,f,f,,N,,,N,
SERV0111,Oxygen Supply per day,,0.00,,A,t,,8,sheenap,78,N,-1,N,t,t,,Y,,,N,
SERV0112,Per Rectal Examination,,0.00,,A,t,,8,jayanthig,78,N,-1,N,f,f,,N,,,N,
SERV0175,Oushadha Yoga,1,0.00,,I,t,,29,sheenap,82,N,-1,N,f,f,,N,,,N,
SERV0113,Per Vaginal Examination,,0.00,32,A,t,,24,jayanthig,208,N,-1,N,f,f,,N,,,N,
SERV0114,Prachchanna Karma,,0.00,,A,t,,8,jayanthig,78,N,-1,N,f,f,,N,,,N,
SERV0123,Dietic Menu,each,0.00,,A,t,,19,jayanthig,80,N,-1,N,f,f,,N,,,N,
SERV0124,Lifestyle Advise,each,0.00,,A,t,,19,jayanthig,80,N,-1,N,f,f,,N,,,N,
SERV0001,Abhyanga,Each,0.00,,I,t,,1,jayanthi,77,N,-1,N,f,f,,N,,,N,
SERV0096,Sweda Ishtika,,0.00,,I,t,,1,jayanthi,77,N,-1,N,f,f,,N,,,N,
SERV0102,Bandhana (Small Wound),,0.00,,A,t,,8,jayanthig,78,N,-1,N,f,f,,N,,,N,
SERV0003,Dhara-Dhanyamala-Sarvanga,Each,0.00,,I,t,,1,jayanthi,77,N,-1,N,f,f,,N,,,N,
SERV0103,Blood Transfusion,,0.00,,A,t,,8,jayanthig,78,N,-1,N,f,f,,N,,,N,
SERV0115,Seevana Karma (Suturing) / Suture,,0.00,,A,t,,8,jayanthig,78,N,-1,N,f,f,,N,,,N,
SERV0116,Siravyadha,,0.00,,A,t,,8,jayanthig,78,N,-1,N,f,f,,N,,,N,
SERV0117,Suction Machine Usage,1,0.00,,A,t,,8,jayanthig,78,N,-1,N,f,f,,N,,,N,
SERV0118,Suture Removal per suture,,0.00,,A,t,,8,jayanthig,78,N,-1,N,f,f,,N,,,N,
SERV0665,Post & Core Composite,,0.00,25,A,t,,35,smitha,261,N,1,N,t,t,,N,,,,
SERV0666,Post & Core Cast Post & Core,,0.00,26,A,t,,35,smitha,261,N,1,N,t,t,,N,,,,
SERV0668,Premolar RCT,,0.00,28,A,t,,35,smitha,261,N,1,N,t,t,,N,,,,
SERV0125,Diet therapy/Counselling,each,0.00,,A,t,,19,asha,80,N,-1,N,f,f,,N,,,N,
SERV0477,BPMT Backbone & Spinal Support - General Therapies,,0.00,12,I,t,,32,sheenap,221,O,-1,N,t,t,,N,,,Y,
SERV0676,Bleaching In Office(2 Tubes),,0.00,36,A,t,,35,smitha,261,N,1,N,t,t,,N,,,,
SERV0206,Oushadha Yoga Service,,0.00,123,I,t,,29,sheenap,82,N,-1,N,f,f,,N,,,N,
SERV0126,Snehapana ^,,0.00,,A,t,,1,jayanthig,77,N,-1,N,f,f,,N,,,N,
SERV0129,Nasya-Pratimarsha,,0.00,,A,t,,1,jayanthig,77,N,-1,N,f,f,,N,,,N,
SERV0134,Jala Neti,,0.00,,A,t,,15,jayanthig,79,N,-1,N,f,f,,N,,,N,
SERV0136,Laghu Shankha Prakshalana,,0.00,,A,t,,15,jayanthig,79,N,-1,N,f,f,,N,,,N,
SERV0677,Bleaching Non-Vital Tooth,,0.00,37,A,t,,35,smitha,261,N,1,N,t,t,,N,,,,
SERV0137,Minor Surgical/ParaSurgical Procedure,,0.00,,A,t,,8,jayanthig,78,N,-1,N,f,f,,N,,,N,
SERV0607,Shatahwadi Pinda Sweda - Ardhanga,Each,0.00,61,A,t,,34,smitha,259,N,-1,N,f,f,,N,,,,
SERV0200,Sadyo Vamana **,1,0.00,120,A,t,,1,asha,77,N,-1,N,f,f,,N,,,N,
SERV0201,OP Group yoga weekly thrice,1,0.00,14,A,t,,15,jayanthig,79,N,-1,N,f,f,,N,,,N,
SERV0105,Foreign Body Extraction,,0.00,,A,t,,8,jayanthig,78,N,-1,N,f,f,,N,,,N,
SERV0106,Incision And Drainage,,0.00,,A,t,,8,jayanthig,78,N,-1,N,f,f,,N,,,N,
SERV0202,OP Group yoga (6 days),1,0.00,15,A,t,,15,jayanthig,79,N,-1,N,f,f,,N,,,N,
SERV0608,Shatahwadi Pinda Sweda - Ekanga,Each,0.00,62,A,t,,34,smitha,259,N,-1,N,f,f,,N,,,,
SERV0415,Udwarthana (Ardhanga) ^,1,0.00,286,A,t,,1,jayanthig,77,N,-1,N,t,t,,N,,,N,
SERV0421,Prakruti Analysis,1,0.00,5,A,t,,19,jayanthig,80,N,-1,N,t,t,,N,,,N,
SERV0422,Lifestyle Management,1,0.00,6,A,t,,19,jayanthig,80,N,-1,N,t,t,,N,,,N,
SERV0423,General Health assessment,1,0.00,7,A,t,,19,jayanthig,80,N,-1,N,t,t,,N,,,N,
SERV0119,Vrana Dhupana,,0.00,66,A,t,,34,smitha,259,N,-1,N,f,f,,N,,,N,
SERV0614,Wound Debridment - Small,,0.00,67,A,t,,8,prashantbv,78,N,-1,N,f,f,,N,,,,
SERV0104,Corn Excision - Large,,0.00,,A,t,,8,prashantbv,78,N,-1,N,f,f,,N,,,N,
SERV0414,Sweda-Valuka-Sarvanga^,1,0.00,6,A,t,,34,smitha,259,N,-1,N,t,t,,N,,,N,
SERV0120,Vrana Prakshlana,,0.00,67,A,t,,34,smitha,259,N,-1,N,f,f,,N,,,N,
SERV0100,Seka-Netra **,,0.00,42,A,t,,34,smitha,259,N,-1,N,f,f,,N,,,N,
SERV0424,Sweda-Nadi-Ekanga^,1,0.00,1,A,t,,34,smitha,259,N,-1,N,t,t,,N,,,N,
SERV0418,Udwarthana-Kashaya (Ekanga) ^,1,0.00,82,A,t,,34,smitha,259,N,-1,N,t,t,,N,,,N,
SERV0678,Bleaching Micro abrasion,,0.00,38,A,t,,35,smitha,261,N,1,N,t,t,,N,,,,
SERV0122,Oil Application with hot fomentation **,,0.00,,A,t,,1,jayanthig,77,N,-1,N,f,f,,N,,,N,
SERV0679,Pit & Fissure Sealants,,0.00,39,A,t,,35,smitha,262,N,1,N,t,t,,N,,,,
SERV0686,Poly Carbonate Crowns,,0.00,46,A,t,,35,smitha,262,N,1,N,t,t,,N,,,,
SERV0687,Space Maintainers Removable,,0.00,47,A,t,,35,smitha,262,N,1,N,t,t,,N,,,,
SERV0688,Space Maintainers Fixed Unilateral,,0.00,48,A,t,,35,smitha,262,N,1,N,t,t,,N,,,,
SERV0689,Space Maintainers Fixed Bilateral,,0.00,49,A,t,,35,smitha,262,N,1,N,t,t,,N,,,,
SERV0741,Remolar RCT,,0.00,97,A,t,,35,smitha,261,N,1,N,t,t,,N,,,,
SERV0002,Avagaham,Each,0.00,,I,t,,1,jayanthi,77,N,-1,N,f,f,,N,,,N,
SERV0098,Dhara-Dhanyamla-Ekanga,,0.00,,I,t,,1,jayanthi,77,N,-1,N,f,f,,N,,,N,
SERV0029,Sweda-PPS(Elakizhi)-Ardhanga,Each,0.00,,I,t,,1,jayanthi,77,N,-1,N,f,f,,N,,,N,
SERV0026,Sweda-SSPS(Navara Kizhi)-Sarvanga,Each,0.00,,I,t,,1,jayanthi,77,N,-1,N,f,f,,N,,,N,
SERV0133,Yoga Consultation followup,"",0.00,,I,t,,15,,79,N,-1,N,f,f,,N,,,N,
SERV0132,Yogic Kriya,,0.00,,I,t,,15,,79,N,-1,N,f,f,,N,,,N,
SERV0135,Vamana Dhouti,,0.00,,I,t,,15,,79,N,-1,N,f,f,,N,,,N,
SERV0131,Yoga Consultation,"",0.00,,I,t,,15,,79,N,-1,N,f,f,,N,,,N,
SERV0024,Sweda JPS (Narangakizhi) Ekanga,Each,0.00,,I,t,,1,jayanthi,77,N,-1,N,f,f,,N,,,N,
SERV0023,Sweda-JPS(Narangakizhi)-Sarvanga,Each,0.00,,I,t,,1,jayanthi,77,N,-1,N,f,f,,N,,,N,
SERV0059,Dhara-Taila-Ardhanga*,,0.00,,I,t,,1,jayanthi,77,N,-1,N,f,f,,N,,,N,
SERV0062,Dhara-Takra-Ekanga,,0.00,,I,t,,1,jayanthi,77,N,-1,N,f,f,,N,,,N,
SERV0079,Dhara-Thakra-Shiro,,0.00,,I,t,,1,jayanthi,77,N,-1,N,f,f,,N,,,N,
SERV0072,Sweda-Putapakam-Netra,,0.00,,I,t,,1,jayanthi,77,N,-1,N,f,f,,N,,,N,
SERV0339,Vasti-Uttara (Female)^,1,0.00,26,A,t,,24,smitha,208,N,-1,N,t,t,,N,,,N,
SERV0650,Head Gear,,0.00,10,A,t,,35,smitha,260,N,1,N,t,t,,N,,,,
SERV0505,BPMT weekend(2 days),,0.00,39,I,t,,32,sheenap,221,N,-1,N,t,t,,N,,,N,
SERV0513,Vasti- Asthapana â€“ Takra,,0.00,304,I,t,,1,sheenap,77,N,-1,N,t,t,,N,,,,
SERV0227,Marma Manipulation,,0.00,1,I,t,,27,smitha,215,N,-1,N,t,t,,N,,,N,
SERV0651,Head Gear + Splint/Activator,,0.00,11,A,t,,35,smitha,260,N,1,N,t,t,,N,,,,
SERV0652,FF,,0.00,12,A,t,,35,smitha,260,N,1,N,t,t,,N,,,,
SERV0654,Lingual,,0.00,14,A,t,,35,smitha,260,N,1,N,t,t,,N,,,,
SERV0336,Vasti-Janu Single) ^,1,0.00,238,A,t,,1,jayanthig,77,N,-1,N,t,t,,N,,,N,
SERV0342,Sweda-Valuka-Ekanga^,1,0.00,,A,t,,34,smitha,259,N,-1,N,t,t,,N,,,N,
SERV0075,Tarpanam-Padatala (Pedicure),,0.00,,I,t,,1,jayanthi,77,N,-1,N,f,f,,N,,,N,
SERV0656,Clear Path,,0.00,16,A,t,,35,smitha,260,N,1,N,t,t,,N,,,,
SERV0032,Dhara-Taila-Sarvanga*,Each,0.00,,I,t,,1,jayanthi,77,N,-1,N,f,f,,N,,,N,
SERV0088,Udwarthana-Kashaya (Sarvanga),,0.00,,I,t,,1,jayanthi,77,N,-1,N,f,f,,N,,,N,
SERV0061,Dhara-Takra-Ardhanga,,0.00,,I,t,,1,jayanthi,77,N,-1,N,f,f,,N,,,N,
SERV0036,Dhara-Taila-Shiro*,Each,0.00,,I,t,,1,jayanthi,77,N,-1,N,f,f,,N,,,N,
SERV0042,Lepam (Thalapodichil) - Shiro,Each,0.00,,I,t,,1,jayanthi,77,N,-1,N,f,f,,N,,,N,
SERV0021,Lepam,Each,0.00,,I,t,,1,jayanthi,77,N,-1,N,f,f,,N,,,N,
SERV0657,Pendulum,,0.00,17,A,t,,35,smitha,260,N,1,N,t,t,,N,,,,
SERV0658,Tip Edge,,0.00,18,A,t,,35,smitha,260,N,1,N,t,t,,N,,,,
SERV0230,Cryo Therapy,,0.00,16,A,t,,22,jayanthig,81,N,-1,N,t,t,,N,,,N,
SERV0218,Yoni Varti **,1,0.00,8,A,t,,24,jayanthig,208,N,-1,N,f,f,,N,,,N,
SERV0219,Wound Repair,1,0.00,2,A,t,,24,jayanthig,77,N,-1,N,f,f,,N,,,N,
SERV0231,Tilt Table,1,0.00,17,A,t,,22,jayanthig,81,N,-1,N,t,t,,N,,,N,
SERV0337,Vasti-Prushta ^,1,0.00,239,A,t,,1,jayanthig,77,N,-1,N,t,t,,N,,,N,
SERV0338,Vasti-Uttara (Male)^,1,0.00,240,A,t,,1,jayanthig,77,N,-1,N,t,t,,N,,,N,
SERV0659,Implants,,0.00,19,A,t,,35,smitha,260,N,1,N,t,t,,N,,,,
SERV0343,Upnaham-Sandhi^,1,0.00,70,A,t,,34,smitha,259,N,-1,N,t,t,,N,,,N,
SERV0346,Sweda-Ishtika ^,1,0.00,248,A,t,,1,jayanthig,77,N,-1,N,t,t,,N,,,N,
SERV0349,Vasti-Uro(Hridaya) ^,1,0.00,251,A,t,,1,jayanthig,77,N,-1,N,t,t,,N,,,N,
SERV0350,Dilatation) and Curettage,1,0.00,3,A,t,,24,jayanthig,208,N,-1,N,t,t,,N,,,N,
SERV0351,Sand Therapy - Infant,1,0.00,252,A,t,,1,jayanthig,77,N,-1,N,t,t,,N,,,N,
SERV0362,POP Cast (Tibia),1,0.00,37,A,t,,8,jayanthig,78,N,-1,N,t,t,,N,,,N,
SERV0364,Crepe Bandage,1,0.00,39,A,t,,8,jayanthig,78,N,-1,N,t,t,,N,,,N,
SERV0127,Lepam-Sarvanga^,,0.00,32,A,t,,34,smitha,259,N,-1,N,f,f,,N,,,N,
SERV0204,Choorna,1,0.00,121,A,t,,29,jayanthig,82,N,-1,N,f,f,,N,,,N,
SERV0215,Abhyanga-Spl Marma Ardhanga^,1,0.00,131,A,f,,1,jayanthig,77,N,-1,N,f,f,,N,,,N,
SERV0216,Abhyanga-Spl Marma Ekanga^,1,0.00,132,A,t,,1,jayanthig,77,N,-1,N,f,f,,N,,,N,
SERV0217,Ksharakarma,1,0.00,,A,t,,24,jayanthig,78,N,-1,N,f,f,,N,,,N,
SERV0220,Dietetics Rounds,1,0.00,3,A,t,,19,jayanthig,80,N,-1,N,f,f,,N,,,N,
SERV0224,Vision Test,1,0.00,,A,f,,26,jayanthig,210,N,-1,N,f,f,,N,,,N,
SERV0228,Acupuncture,1,0.00,1,A,t,,28,jayanthig,213,N,-1,N,t,t,,N,,,N,
SERV0232,Gait Training,1,0.00,18,A,t,,22,jayanthig,81,N,-1,N,t,t,,N,,,N,
SERV0233,Hydro Therapy,1,0.00,19,A,t,,22,jayanthig,81,N,-1,N,t,t,,N,,,N,
SERV0330,Annalepanam-Samamsa (Njavara Teppu )^,1,0.00,72,A,t,,34,smitha,259,N,-1,N,t,t,,N,,,N,
SERV0363,POP Cast (Ankle),,0.00,38,A,t,,8,jayanthig,78,N,-1,N,t,t,,N,,,N,
SERV0258,Lepam-Sarvanga **,1,0.00,161,I,t,,1,asha,77,N,-1,N,t,t,,N,,,N,
SERV0347,Vasti-Asthapana-Kashaya samamsa^,1,0.00,23,A,t,,34,smitha,259,N,-1,N,t,t,,N,,,N,
SERV0128,Lepam-Sarvaga(Special),,0.00,35,A,t,,34,smitha,259,N,-1,N,f,f,,N,,,N,
SERV0205,Pathya Ahara,,0.00,251,A,t,,19,jayanthig,80,N,-1,N,f,f,,N,,,N,
SERV0210,Sweda-SSPS(Mamsa Navara Kizhi) Ardhanga ^,,0.00,47,A,t,,34,smitha,259,N,-1,N,f,f,,N,,,N,
SERV0229,Wax Therapy,1,0.00,15,A,t,,22,jayanthig,81,N,-1,N,t,t,,N,,,N,
SERV0234,Moist Therapy,1,0.00,20,A,t,,22,jayanthig,81,N,-1,N,t,t,,N,,,N,
SERV0257,Lepam Service ^,1,0.00,160,A,t,,1,jayanthig,77,N,-1,N,t,t,,N,,,N,
SERV0328,Yoni Abhyanga **,1,0.00,9,A,t,,24,jayanthig,208,N,-1,N,t,t,,N,,,N,
SERV0208,Sweda-SSPS(Mamsa Navara Kizhi) Sarvanga ^,,0.00,48,A,t,,34,smitha,259,O,-1,N,f,f,,N,,,Y,
SERV0331,Annalepanam (Njavara Teppu) Ardhanga ^,,0.00,73,A,t,,34,smitha,259,N,-1,N,t,t,,N,,,N,
SERV0660,Amalgam Restorations,,0.00,20,A,t,,35,smitha,261,N,1,N,t,t,,N,,,,
SERV0009,Extra Leach,Each,0.00,,I,t,,8,sheenap,78,N,-1,N,f,f,,N,,,N,
SERV0663,Composite Veneer,,0.00,23,A,t,,35,smitha,261,N,1,N,t,t,,N,,,,
SERV0664,Miracle Mix,,0.00,24,A,t,,35,smitha,261,N,1,N,t,t,,N,,,,
SERV0670,Surgery Per apical,,0.00,30,A,t,,35,smitha,261,N,1,N,t,t,,N,,,,
SERV0683,Stainless steel crowns- primary,,0.00,43,A,t,,35,smitha,262,N,1,N,t,t,,N,,,,
SERV0684,Stainless steel crowns- Permanent,,0.00,44,A,t,,35,smitha,262,N,1,N,t,t,,N,,,,
SERV0685,Strip Crowns,,0.00,45,A,t,,35,smitha,262,N,1,N,t,t,,N,,,,
SERV0738,Intra oral Periapical(IOPA),,0.00,96,A,t,,35,smitha,260,N,1,N,t,t,,N,,,,
SERV0739,Soap Water Enema,,0.00,75,A,t,,8,smitha,78,N,1,N,t,t,,N,,,,
SERV0740,Advanced Neuro Rehablitation,,0.00,32,A,t,,22,smitha,81,N,1,N,t,t,,N,,,,
SERV0742,Re Anterior RCT,,0.00,98,A,t,,35,smitha,261,N,1,N,t,t,,N,,,,
SERV0747,Sweda-SSPS(Navara Kizhi)-Karna^,,0.00,255,A,t,,1,smitha,77,N,1,N,f,t,,N,,,,
SERV0744,Yoni Vrana Parisheka^,,0.00,27,A,t,,24,smitha,208,N,-1,N,f,f,,N,,,,
SERV0745,Ksharalepa - Corns & Warts (S),,0.00,76,A,t,,8,asha,78,N,1,N,t,t,,N,,,,
SERV0004,Dhoomapanam **,Each,0.00,,I,t,,1,jayanthi,77,N,-1,N,f,f,,N,,,N,
SERV0037,Vasti-Shiro**,Each,0.00,,I,t,,1,jayanthi,77,N,-1,N,f,f,,N,,,N,
SERV0160,Vasti-Jala **,1,0.00,,I,t,,1,jayanthi,77,N,-1,N,f,f,,N,,,N,
SERV0109,Lepam-Sthanika **,,0.00,,I,t,,1,jayanthi,77,N,-1,N,f,f,,N,,,N,
SERV0067,Kavalam **,,0.00,,I,t,,1,jayanthi,77,N,-1,N,f,f,,N,,,N,
SERV0748,Inlay,,0.00,100,A,t,,35,smitha,260,N,1,N,t,t,,N,,,,
SERV0746,Ksharalepa - Corns & Warts (M),,0.00,77,A,t,,8,asha,78,N,1,N,t,t,,N,,,,
SERV0749,Molar RCT(PEDO),,0.00,101,A,t,,35,smitha,262,N,1,N,t,t,,N,,,,
SERV0750,Extraction ( PEDO),,0.00,102,A,t,,35,smitha,262,N,1,N,t,t,,N,,,,
SERV0307,Dhara-Taila-Shiro**,1,0.00,210,I,t,,1,jayanthi,77,N,-1,N,t,t,,N,,,N,
SERV0751,Utsadana (Sarvanga)^,1,0.00,256,A,t,,1,asha,77,N,-1,N,t,t,,N,,,,
SERV0752,Utsadana (Ardhanga)^,1,0.00,257,A,t,,1,asha,77,N,-1,N,t,t,,N,,,,
SERV0753,Utsadana (Ekanga)^,1,0.00,258,A,t,,1,asha,77,N,-1,N,t,t,,N,,,,
SERV0754,Sweda-TMPS(Tila Masha Pinda) Sarvanga^,,0.00,259,A,t,,1,smitha,77,N,-1,N,t,t,,N,,,,
SERV0755,Sweda-TMPS(Tila Masha Pinda) Ardhanga,,0.00,260,A,t,,1,smitha,77,N,1,N,t,t,,N,,,,
SERV0756,Sweda-TMPS(Tila Masha Pinda) Ekanga^,,0.00,261,A,t,,1,smitha,77,N,1,N,t,t,,N,,,,
SERV0757,Curettage-Quadrant,,0.00,103,A,t,,35,smitha,263,N,1,N,t,t,,N,,,,
SERV0758,Oil application Ekanga with hot water fomentation^,,0.00,262,A,t,,1,smitha,77,N,1,N,t,t,,N,,,,
SERV0759,Oil application Ardhanga with hot water fomentation^,,0.00,263,A,t,,1,smitha,77,N,1,N,t,t,,N,,,,
SERV0760,Lepa all joints^,,0.00,264,A,t,,1,smitha,77,N,1,N,t,t,,N,,,,
SERV0761,Neuro Rehablitation,,0.00,33,A,t,,22,smitha,81,N,1,N,t,t,,N,,,,
SERV0762,Hemiplegia Rehab,,0.00,34,A,t,,22,smitha,81,N,1,N,t,t,,N,,,,
SERV0763,Integrated Neuro Rehab,,0.00,35,A,t,,22,smitha,81,N,1,N,t,t,,N,,,,
SERV0483,BPMT Blood Purification - Genral,,0.00,18,I,t,,32,jayanthig,221,O,-1,N,t,t,,N,,,Y,
SERV0485,BPMT Muscular refreshment - OP (Regular -6 sessions),,0.00,20,I,t,,32,jayanthig,221,O,-1,N,t,t,,N,,,Y,
SERV0489,BPMT Oph - G2,,0.00,24,I,t,,32,jayanthig,221,N,-1,N,t,t,,N,,,N,
SERV0494,BPMT Cleansing,,0.00,29,I,t,,32,jayanthig,221,N,-1,N,t,t,,N,,,N,
SERV0764,Cystoscopy,,0.00,78,A,t,,8,smitha,78,N,1,N,t,t,,N,,,,
SERV0635,VILI (Visual Inspection with Lugols Iodine ),Each,0.00,24,A,t,,24,smitha,208,N,-1,N,f,f,,N,,,,
SERV0765,Cyst Excision(Small),,0.00,79,A,t,,8,smitha,78,N,1,N,t,t,,N,,,,
SERV0766,Cyst Excision(Big),,0.00,80,A,t,,8,smitha,78,N,1,N,t,t,,N,,,,
SERV0768,Navajatha Parishekam^,,0.00,266,A,t,,1,smitha,77,N,1,N,t,t,,N,,,,
SERV0771,ZIRCONIA ultimate,,0.00,105,A,t,,35,asha,260,N,1,N,t,t,,N,,,,
SERV0772,Temporary Crown,,0.00,106,A,t,,35,asha,260,N,1,N,t,t,,N,,,,
SERV0499,BPMT Arthritic -Specific,,0.00,33,I,t,,32,sheenap,221,N,-1,N,t,t,,N,,,N,
SERV0773,Zirconia Platinum,,0.00,107,A,t,,35,asha,260,N,1,N,t,t,,N,,,,
SERV0774,Zirconia classic,,0.00,108,A,t,,35,asha,260,N,1,N,t,t,,N,,,,
SERV0777,Vasti-Udara^,,0.00,269,A,t,,1,smitha,77,N,1,N,t,t,,N,,,,
SERV0776,Permanent Retainers,,0.00,109,A,t,,35,asha,260,N,1,N,t,t,,N,,,,
SERV0775,Swedan-Special (GH Pack),,0.00,267,A,t,,1,asha,77,N,1,N,t,t,,N,,,,
SERV0778,Occlusal Splint,,0.00,110,A,t,,35,smitha,260,N,1,N,t,t,,N,,,,
SERV0779,Damons Ceramic Braces,,0.00,111,A,t,,35,smitha,260,N,1,N,t,t,,N,,,,
SERV0780,Zirconia platinum plus,,0.00,112,A,t,,35,smitha,260,N,1,N,t,t,,N,,,,
SERV0781,Maxillary impression,,0.00,113,A,t,,35,smitha,260,N,1,N,t,t,,N,,,,
SERV0782,Mandibular Impression,,0.00,114,A,t,,35,smitha,260,N,1,N,t,t,,N,,,,
SERV0783,Re Cementation,,0.00,115,A,t,,35,smitha,260,N,1,N,t,t,,N,,,,
SERV0784,Mono crystalline ceramic brackets,,0.00,116,A,t,,35,smitha,260,N,1,N,t,t,,N,,,,
SERV0785,GIC Restoration Pedo,,0.00,117,A,t,,35,smitha,262,N,1,N,t,t,,N,,,,
SERV0661,GIC Restorations,,0.00,21,A,t,,35,smitha,261,N,1,N,t,t,,N,,,,
SERV0662,Composite Restorations,,0.00,22,A,t,,35,smitha,261,N,1,N,t,t,,N,,,,
SERV0667,Anterior RCT,,0.00,27,A,t,,35,smitha,261,N,1,N,t,t,,N,,,,
SERV0669,Molar RCT,,0.00,29,A,t,,35,smitha,261,N,1,N,t,t,,N,,,,
SERV0182,Udwarthana Ekanga **,,0.00,,I,t,,1,jayanthi,77,N,-1,N,f,f,,N,,,N,
SERV0671,Surgery Crown Lengthening,,0.00,31,A,t,,35,smitha,261,N,1,N,t,t,,N,,,,
SERV0066,Gandoosham **,,0.00,,I,t,,1,jayanthi,77,N,-1,N,f,f,,N,,,N,
SERV0672,Surgery PRF,,0.00,32,A,t,,35,smitha,261,N,1,N,t,t,,N,,,,
SERV0673,Biodentine,,0.00,33,A,t,,35,smitha,261,N,1,N,t,t,,N,,,,
SERV0674,MTA,,0.00,34,A,t,,35,smitha,261,N,1,N,t,t,,N,,,,
SERV0474,BPMT Neuro-Psychiatric - Specialized Support - Therapeutic,,0.00,9,I,t,,32,sheenap,221,O,-1,N,t,t,,N,,,Y,
SERV0478,BPMT Arthritic and Pain Care - Whole Body Therapy,,0.00,13,I,t,,32,sheenap,221,O,-1,N,t,t,,N,,,Y,
SERV0490,BPMT Neuro - G1,,0.00,25,I,t,,32,jayanthig,221,N,-1,N,t,t,,N,,,N,
SERV0491,BPMT Neuro - G2,,0.00,26,I,t,,32,jayanthig,221,N,-1,N,t,t,,N,,,N,
SERV0492,BPMT Oph - G1,,0.00,27,I,t,,32,jayanthig,221,N,-1,N,t,t,,N,,,N,
SERV0675,Bleaching At Home (Per Tube),,0.00,35,A,t,,35,smitha,261,N,1,N,t,t,,N,,,,
SERV0680,Preventive Resin Restorations per tooth,,0.00,40,A,t,,35,smitha,262,N,1,N,t,t,,N,,,,
SERV0681,Temporary Restorations,,0.00,41,A,t,,35,smitha,262,N,1,N,t,t,,N,,,,
SERV0682,Pulpectomy,,0.00,42,A,t,,35,smitha,262,N,1,N,t,t,,N,,,,
SERV0690,Habit Breaking Appliances -Removable,,0.00,50,A,t,,35,smitha,262,N,1,N,t,t,,N,,,,
SERV0691,Habit Breaking Appliances-Fixed,,0.00,51,A,t,,35,smitha,262,N,1,N,t,t,,N,,,,
SERV0692,Scaling,,0.00,52,A,t,,35,smitha,263,N,1,N,t,t,,N,,,,
SERV0473,BPMT Neuro-Psychiatric - General Support - Therapeutic,,0.00,8,I,t,,32,sheenap,221,O,-1,N,t,t,,N,,,Y,
SERV0693,Excision of the Lesion,,0.00,53,A,t,,35,smitha,263,N,1,N,t,t,,N,,,,
SERV0211,Avagaha Sarvanga,1,0.00,127,I,t,,1,jayanthi,77,O,-1,N,f,f,,N,,,Y,
SERV0495,Day Care [ Semi Pvt ],,0.00,7,I,t,,30,jayanthig,2,N,-1,N,t,t,,N,,,N,
SERV0439,Solid Diet,1,0.00,8,I,t,,19,jayanthi,216,N,-1,N,t,t,,N,,,N,
SERV0178,Ksheerapaka Special - 250 Ml,,0.00,,I,t,,23,jayanthi,82,N,-1,N,f,f,,N,,,N,
SERV0179,Ksheerapaka Special -500Ml,,0.00,,I,t,,23,jayanthi,82,N,-1,N,f,f,,N,,,N,
SERV0451,internet (7 days) with wifi,,0.00,5,I,t,,30,jayanthi,136,N,-1,N,t,t,,N,,,N,
SERV0030,Vasti-Asthapana-Ksheera*,Each,0.00,,I,t,,1,jayanthi,77,N,-1,N,f,f,,N,,,N,
SERV0452,Internet (30 days) with wifi,1,0.00,6,I,t,,30,jayanthi,136,N,-1,N,t,t,,N,,,N,
SERV0057,Dhara-Dhanyamla-Ardhanga,,0.00,,I,t,,1,jayanthi,77,N,-1,N,f,f,,N,,,N,
SERV0028,Sweda-PPS(Elakizhi)-Sarvanga,Each,0.00,,I,t,,1,jayanthi,77,N,-1,N,f,f,,N,,,N,
SERV0493,BPMT N.Nourishing,,0.00,28,I,t,,32,jayanthig,221,N,-1,N,t,t,,N,,,N,
SERV0694,Splinting/Wire/Composite(6 TEETH),,0.00,54,A,t,,35,smitha,263,N,1,N,t,t,,N,,,,
SERV0695,Splinting/Fibre/Composite,,0.00,55,A,t,,35,smitha,263,N,1,N,t,t,,N,,,,
SERV0698,Complicated extractions,,0.00,58,A,t,,35,smitha,264,N,1,N,t,t,,N,,,,
SERV0699,Impactions,,0.00,59,A,t,,35,smitha,264,N,1,N,t,t,,N,,,,
SERV0471,BPMT Neuro-Psychiatric - Relaxation Therapy,,0.00,6,I,t,,32,sheenap,221,O,-1,N,t,t,,N,,,Y,
SERV0700,Minor Surgical Procedures,,0.00,60,A,t,,35,smitha,264,N,1,N,t,t,,N,,,,
SERV0207,Oushadha yoga Preperation,1,0.00,16,I,t,,29,sheenap,82,N,-1,N,f,f,,N,,,N,
SERV0479,BPMT Arthritic and Pain Care - Arthritic Pain Relief,,0.00,14,I,t,,32,sheenap,221,O,-1,N,t,t,,N,,,Y,
SERV0068,Nasyam**,,0.00,,I,t,,1,jayanthi,77,N,-1,N,f,f,,N,,,N,
SERV0440,Liquid Diet,1,0.00,9,I,t,,19,jayanthi,216,N,-1,N,t,t,,N,,,N,
SERV0082,Sweda-PPS(Elakizhi)-Ekanga,,0.00,,I,t,,1,jayanthi,77,N,-1,N,f,f,,N,,,N,
SERV0445,Amruth Magazine single edition,1,0.00,2,I,t,,30,jayanthi,217,N,-1,N,t,t,,N,,,N,
SERV0456,Manish,,0.00,298,I,t,,1,jayanthig,77,N,-1,N,t,t,,N,,,N,
SERV0186,Sweda-JPS(Narangakizhi)-Ekanga,1,0.00,,I,t,,1,jayanthi,77,N,-1,N,f,f,,N,,,N,
SERV0078,Sweda-CPS (Podikizhi )-Ardhanga,1,0.00,,I,t,,1,jayanthi,77,N,-1,N,f,f,,N,,,N,
SERV0081,Sweda-Nadi-Ekanga,,0.00,,I,t,,1,jayanthi,77,N,-1,N,f,f,,N,,,N,
SERV0060,Dhara-Taila-Ekanga*,,0.00,,I,t,,1,jayanthi,77,N,-1,N,f,f,,N,,,N,
SERV0045,Udwarthana (Sarvanga),Each,0.00,,I,t,,1,jayanthi,77,N,-1,N,f,f,,N,,,N,
SERV0701,Apexogenesis,,0.00,61,A,t,,35,smitha,262,N,1,N,t,t,,N,,,,
SERV0702,Apexification Calcium Hydroxide,,0.00,62,A,t,,35,smitha,262,N,1,N,t,t,,N,,,,
SERV0221,Sweda-Nadi-Ardhanga,,0.00,133,I,t,,1,jayanthi,77,N,-1,N,f,f,,N,,,N,
SERV0034,Sweda-CPS (Podikizhi )-Ekanga,Each,0.00,,I,t,,1,jayanthi,77,N,-1,N,f,f,,N,,,N,
SERV0046,Udwarthana-Taila (Sarvanga),Each,0.00,,I,t,,1,jayanthi,77,N,-1,N,f,f,,N,,,N,
SERV0040,Dhara-Takra-Shiro,Each,0.00,,I,t,,1,jayanthi,77,N,-1,N,f,f,,N,,,N,
SERV0185,Sweda-JPS(Narangakizhi)-Ardhanga,1,0.00,,I,t,,1,jayanthi,77,N,-1,N,f,f,,N,,,N,
SERV0033,Sweda-CPS (Podikizhi)-Sarvanga,Each,0.00,,I,t,,1,jayanthi,77,N,-1,N,f,f,,N,,,N,
SERV0039,Dhara-Takra-Sarvanga++,Each,0.00,,I,t,,1,jayanthi,77,N,-1,N,f,f,,N,,,N,
SERV0226,Annalepanam-Samamsa Ardhanga (Njavara Teppu),1,0.00,137,I,t,,1,jayanthi,77,N,-1,N,f,f,,N,,,N,
SERV0703,Apexification MTA,,0.00,63,A,t,,35,smitha,262,N,1,N,t,t,,N,,,,
SERV0704,Depigmentation(Sextant),,0.00,64,A,t,,35,smitha,263,N,1,N,t,t,,N,,,,
SERV0705,Gingivectomy/Gingivoplasty(Sextant),,0.00,65,A,t,,35,smitha,263,N,1,N,t,t,,N,,,,
SERV0706,Flap Surgery(Quadrant),,0.00,66,A,t,,35,smitha,263,N,1,N,t,t,,N,,,,
SERV0707,Flap Surgery with Bone Grafts,,0.00,67,A,t,,35,smitha,263,N,1,N,t,t,,N,,,,
SERV0709,Flap Surgery with Hemi section/Root section(Per Quadrant),,0.00,69,A,t,,35,smitha,263,N,1,N,t,t,,N,,,,
SERV0225,Annalepanam-Samamsa (Njavara Teppu),1,0.00,136,I,t,,1,jayanthi,77,N,-1,N,f,f,,N,,,N,
SERV0015,Vasti-Kati*,Each,0.00,,I,t,,1,jayanthi,77,N,-1,N,f,f,,N,,,N,
SERV0222,Sweda-Nadi-Sarvanga,,0.00,134,I,t,,1,jayanthi,77,N,-1,N,f,f,,N,,,N,
SERV0223,Vasti-Prushta,,0.00,135,I,t,,1,jayanthi,77,N,-1,N,f,f,,N,,,N,
SERV0187,Avagaham with special kashaya,,0.00,,I,t,,1,jayanthi,77,N,-1,N,f,f,,N,,,N,
SERV0496,Day Care [ Single ],,0.00,8,I,t,,30,jayanthig,2,N,-1,N,t,t,,N,,,N,
SERV0241,Sweda-PPS(Elakizhi)-Ardhanga *,,0.00,144,I,t,,1,jayanthi,77,N,-1,N,t,t,,N,,,N,
SERV0472,BPMT Neuro-Psychiatric - Interventional Therapy,,0.00,7,I,t,,32,jayanthig,221,O,-1,N,t,t,,N,,,Y,
SERV0481,BPMT Muscular refreshment - IP,,0.00,16,I,t,,32,jayanthig,221,O,-1,N,t,t,,N,,,Y,
SERV0212,Sweda-(Mamsa Kizhi) Ekanga,1,0.00,128,I,t,,1,jayanthi,77,O,-1,N,f,f,,N,,,Y,
SERV0213,Sweda-(Mamsa Kizhi) Ardhanga,,0.00,129,I,t,,1,jayanthi,77,O,-1,N,f,f,,N,,,Y,
SERV0209,Sweda-SSPS(Mamsa Navara Kizhi) Ekanga,1,0.00,125,I,t,,1,jayanthi,77,O,-1,N,f,f,,N,,,Y,
SERV0214,Sweda-(Mamsa Kizhi) Sarvanga,1,0.00,130,I,t,,1,jayanthi,77,O,-1,N,f,f,,N,,,Y,
SERV0696,Operculectomy,,0.00,56,A,t,,35,smitha,263,N,1,N,t,t,,N,,,,
SERV0697,Simple extractions,,0.00,57,A,t,,35,smitha,264,N,1,N,t,t,,N,,,,
SERV0708,Flap Surgery with Bone Grafts and Membrane,,0.00,68,A,t,,35,smitha,263,N,1,N,t,t,,N,,,,
SERV0711,Complete Denture,,0.00,71,A,t,,35,smitha,265,N,1,N,t,t,,N,,,,
SERV0717,Full Veneer Metal(Per Unit),,0.00,77,A,t,,35,smitha,265,N,1,N,t,t,,N,,,,
SERV0344,Udwarthana-Kashaya (Ardhanga) **,1,0.00,246,I,t,,1,jayanthi,77,N,-1,N,t,t,,N,,,N,
SERV0121,Dhoopanam Ksheera,,0.00,,I,t,,1,jayanthi,77,N,-1,N,f,f,,N,,,N,
SERV0076,Avagaha-Pada*,,0.00,,I,t,,1,jayanthi,77,N,-1,N,f,f,,N,,,N,
SERV0099,Dhara-Kashaya-Ardhanga,,0.00,,I,t,,1,jayanthi,77,N,-1,N,f,f,,N,,,N,
SERV0013,Dhara-Kashaya-Ekanga,Each,0.00,,I,t,,1,jayanthi,77,N,-1,N,f,f,,N,,,N,
SERV0012,Dhara-Kashaya-Sarvanga,Each,0.00,,I,t,,1,jayanthi,77,N,-1,N,f,f,,N,,,N,
SERV0014,Dhara-Kashaya-Shiro,Each,0.00,,I,t,,1,jayanthi,77,N,-1,N,f,f,,N,,,N,
SERV0017,Dhara-Ksheera-Ekanga,Each,0.00,,I,t,,1,jayanthi,77,N,-1,N,f,f,,N,,,N,
SERV0018,Dhara-Ksheera-Shiro,Each,0.00,,I,t,,1,jayanthi,77,N,-1,N,f,f,,N,,,N,
SERV0016,Dhara-Ksheera -Sarvanga,Each,0.00,,I,t,,1,jayanthi,77,N,-1,N,f,f,,N,,,N,
SERV0041,Thalam*,Each,0.00,,I,t,,1,jayanthi,77,N,-1,N,f,f,,N,,,N,
SERV0130,Nasya-Pradamana,,0.00,,I,t,,1,jayanthi,77,N,-1,N,f,f,,N,,,N,
SERV0047,Upnaham-Sandhi*,Each,0.00,,I,t,,1,jayanthi,77,N,-1,N,f,f,,N,,,N,
SERV0025,Vasti-Asthapana-Kashaya,Each,0.00,,I,t,,1,jayanthi,77,N,-1,N,f,f,,N,,,N,
SERV0007,Vasti-Greeva*,Each,0.00,,I,t,,1,jayanthi,77,N,-1,N,f,f,,N,,,N,
SERV0087,Vasti-Janu Single) *,,0.00,,I,t,,1,jayanthi,77,N,-1,N,f,f,,N,,,N,
SERV0086,Sweda-Valuka-Ardhanga,,0.00,,I,t,,1,jayanthi,77,N,-1,N,f,f,,N,,,N,
SERV0085,Sweda-Valuka-Ekanga,,0.00,,I,t,,1,jayanthi,77,N,-1,N,f,f,,N,,,N,
SERV0084,Sweda-Valuka-Sarvanga,,0.00,,I,t,,1,jayanthi,77,N,-1,N,f,f,,N,,,N,
SERV0161,Tarpanam - Hastatala (Manicure),1,0.00,,I,t,,1,jayanthi,77,N,-1,N,f,f,,N,,,N,
SERV0048,Upnaham Samamsam Per Joint,Each,0.00,,I,t,,1,jayanthi,77,N,-1,N,f,f,,N,,,N,
SERV0193,Udwarthana-Kashaya (Ekanga),1,0.00,,I,t,,1,jayanthi,77,N,-1,N,f,f,,N,,,N,
SERV0101,Vasti-Anuvasana,,0.00,,I,t,,1,jayanthi,77,N,-1,N,f,f,,N,,,N,
SERV0089,Vasti-Uro(Hridaya),,0.00,,I,t,,1,jayanthi,77,N,-1,N,f,f,,N,,,N,
SERV0020,Vasti-Uttara (Male)*,Each,0.00,,I,t,,1,jayanthi,77,N,-1,N,f,f,,N,,,N,
SERV0196,Vasti-Uttara (Female),1,0.00,,I,t,,1,jayanthi,77,N,-1,N,f,f,,N,,,N,
SERV0443,Internet (15 days),1,0.00,,I,t,,30,jayanthi,217,N,-1,N,t,t,,N,,,N,
SERV0444,Internet (30 days),1,0.00,1,I,t,,30,jayanthi,217,N,-1,N,t,t,,N,,,N,
SERV0449,Internet (15 days) with wifi,1,0.00,3,I,t,,30,jayanthi,136,N,-1,N,t,t,,N,,,N,
SERV0450,internet (7 days),,0.00,4,I,t,,30,jayanthi,217,N,-1,N,t,t,,N,,,N,
SERV0027,Sweda-SSPS(Navara Kizhi)-Ekanga,Each,0.00,,I,t,,1,jayanthi,77,N,-1,N,f,f,,N,,,N,
SERV0488,BPMT Specialist Consultation,,0.00,23,I,t,,32,jayanthig,221,N,-1,N,t,t,,N,,,N,
SERV0723,Implant Retained Complete Denture(Per Arch),,0.00,83,A,t,,35,smitha,265,N,1,N,t,t,,N,,,,
SERV0724,Denture Repair(Per Arch),,0.00,84,A,t,,35,smitha,265,N,1,N,t,t,,N,,,,
SERV0022,Vasti-Matra **,Each,0.00,,I,t,,1,jayanthi,77,N,-1,N,f,f,,N,,,N,
SERV0482,BPMT Muscular refreshment - Physiological Refreshment,,0.00,17,I,t,,32,jayanthig,221,O,-1,N,t,t,,N,,,Y,
SERV0484,BPMT Blood Purification - Comprehensive,,0.00,19,I,t,,32,jayanthig,221,N,-1,N,t,t,,N,,,N,
SERV0486,BPMT Muscular refreshment - OP (Weekly - 4 sessions),,0.00,21,I,t,,32,jayanthig,221,O,-1,N,t,t,,N,,,Y,
SERV0487,BPMT Relaxation / Rejuvenation (Weekend)- 2 days,,0.00,22,I,t,,32,jayanthig,221,O,-1,N,t,t,,N,,,Y,
SERV0503,BPMT medicated whole body steaming,,0.00,37,I,t,,32,jayanthig,221,N,-1,N,t,t,,N,,,N,
SERV0008,Jalookavacharana (Leech Therapy),Each,0.00,,I,t,,8,jayanthig,78,N,-1,N,f,f,,N,,,N,
SERV0726,Oburator,,0.00,86,A,t,,35,smitha,265,N,1,N,t,t,,N,,,,
SERV0731,Resin Bonded Bridge,,0.00,91,A,t,,35,smitha,265,N,1,N,t,t,,N,,,,
SERV0732,Removable Partial Denture(Single Arch),,0.00,92,A,t,,35,smitha,265,N,1,N,t,t,,N,,,,
SERV0264,Dhara-Takra-Ardhanga *,1,0.00,167,I,t,,1,jayanthi,77,N,-1,N,t,t,,N,,,N,
SERV0239,Dhara-Dhanyamla-Ekanga *,,0.00,,I,t,,1,jayanthi,77,N,-1,N,t,t,,N,,,N,
SERV0238,Dhara-Dhanyamala-Sarvanga *,1,0.00,141,I,t,,1,jayanthi,77,N,-1,N,t,t,,N,,,N,
SERV0267,Sweda-JPS(Narangakizhi)-Ekanga *,,0.00,170,I,t,,1,jayanthi,77,N,-1,N,t,t,,N,,,N,
SERV0743,Re Premolar RCT,,0.00,99,A,t,,35,smitha,261,N,1,N,t,t,,N,,,,
SERV0769,Diet Chart,each,0.00,10,A,t,,19,smitha,80,N,1,N,f,f,,N,,,,
SERV0244,Vasti-Asthapana-Kashaya*,1,0.00,147,I,t,,1,jayanthi,77,N,-1,N,t,t,,N,,,N,
SERV0243,Sweda-SSPS(Navara Kizhi)-Sarvanga *,1,0.00,146,I,t,,1,jayanthi,77,N,-1,N,t,t,,N,,,N,
SERV0240,Sweda-PPS(Elakizhi)-Sarvanga *,1,0.00,143,I,t,,1,jayanthi,77,N,-1,N,t,t,,N,,,N,
SERV0242,Sweda-PPS(Elakizhi)-Ekanga *,1,0.00,145,I,t,,1,jayanthi,77,N,-1,N,t,t,,N,,,N,
SERV0265,Dhara-Takra-Ekanga *,1,0.00,168,I,t,,1,jayanthi,77,N,-1,N,t,t,,N,,,N,
SERV0236,Abhyanga Ardhanga *,1,0.00,139,I,t,,1,jayanthi,77,N,-1,N,t,t,,N,,,N,
SERV0237,Abhyanga Ekanga *,1,0.00,140,I,t,,1,jayanthi,77,N,-1,N,t,t,,N,,,N,
SERV0250,Udwarthana-Taila (Sarvanga) *,1,0.00,153,I,t,,1,jayanthi,77,N,-1,N,t,t,,N,,,N,
SERV0262,Sweda-SSPS(Navara Kizhi)-Ardhanga *,,0.00,165,I,t,,1,jayanthi,77,N,-1,N,t,t,,N,,,N,
SERV0263,Sweda-SSPS(Navara Kizhi)-Ekanga *,1,0.00,166,I,t,,1,jayanthi,77,N,-1,N,t,t,,N,,,N,
SERV0261,Dhara-Dhanyamla-Ardhanga *,1,0.00,164,I,t,,1,jayanthi,77,N,-1,N,t,t,,N,,,N,
SERV0256,Lepam-Mukha (Facial) *,,0.00,159,I,t,,1,jayanthi,77,N,-1,N,t,t,,N,,,N,
SERV0249,Udwarthana-Kashaya (Sarvanga) *,1,0.00,152,I,t,,1,jayanthi,77,N,-1,N,t,t,,N,,,N,
SERV0252,Dhara-Takra-Sarvanga *,1,0.00,155,I,t,,1,jayanthi,77,N,-1,N,t,t,,N,,,N,
SERV0080,Sweda-JPS (Narangakizhi)-Ardhanga,1,0.00,,I,t,,1,jayanthi,77,N,-1,N,f,f,,N,,,N,
SERV0255,Dhara-Kashaya-Sarvanga *,,0.00,158,I,t,,1,jayanthi,77,N,-1,N,t,t,,N,,,N,
SERV0235,Abhyanga *,1,0.00,138,I,t,,1,jayanthi,77,N,-1,N,t,t,,N,,,N,
SERV0246,Sweda-CPS (Podikizhi )-Ardhanga*,,0.00,149,I,t,,1,jayanthi,77,N,-1,N,t,t,,N,,,N,
SERV0266,Sweda-JPS(Narangakizhi)-Ardhanga *,1,0.00,169,I,t,,1,jayanthi,77,N,-1,N,t,t,,N,,,N,
SERV0245,Sweda-CPS (Podikizhi)-Sarvanga *,1,0.00,148,I,t,,1,jayanthi,77,N,-1,N,t,t,,N,,,N,
SERV0006,Lepam-Mukha (Facial),Each,0.00,,I,t,,1,jayanthi,77,N,-1,N,f,f,,N,,,N,
SERV0251,Dhara-Takra-Shiro *,,0.00,154,I,t,,1,jayanthi,77,N,-1,N,t,t,,N,,,N,
SERV0247,Sweda-CPS (Podikizhi )-Ekanga *,1,0.00,150,I,t,,1,jayanthi,77,N,-1,N,t,t,,N,,,N,
SERV0248,Udwarthana (Sarvanga)*,1,0.00,151,I,t,,1,jayanthi,77,N,-1,N,t,t,,N,,,N,
SERV0254,Sweda-JPS(Narangakizhi)-Sarvanga *,1,0.00,157,I,t,,1,jayanthi,77,N,-1,N,t,t,,N,,,N,
SERV0376,Sweda-JPS(Narangakizhi)-Sarvanga ^,1,0.00,20,A,t,,34,smitha,259,N,-1,N,t,t,,N,,,N,
SERV0253,Lepam (Thalapodichil) - Shiro *,1,0.00,156,I,t,,1,jayanthi,77,N,-1,N,t,t,,N,,,N,
SERV0302,Dhara-Ksheera -Sarvanga**,1,0.00,205,I,t,,1,jayanthi,77,N,-1,N,t,t,,N,,,N,
SERV0282,Dhara-Kashaya-Sarvanga **,1,0.00,185,I,t,,1,jayanthi,77,N,-1,N,t,t,,N,,,N,
SERV0278,Dhara-Takra-Shiro **,1,0.00,181,I,t,,1,jayanthi,77,N,-1,N,t,t,,N,,,N,
SERV0279,Dhara-Takra-Sarvanga**,1,0.00,182,I,t,,1,jayanthi,77,N,-1,N,t,t,,N,,,N,
SERV0260,Nasya Pradamana **,1,0.00,163,I,t,,1,jayanthi,77,N,-1,N,t,t,,N,,,N,
SERV0270,Sweda-PPS(Elakizhi)-Sarvanga **,1,0.00,173,I,t,,1,jayanthi,77,N,-1,N,t,t,,N,,,N,
SERV0287,Sweda-PPS(Elakizhi)-Ekanga **,1,0.00,190,I,t,,1,jayanthi,77,N,-1,N,t,t,,N,,,N,
SERV0286,Sweda-PPS(Elakizhi)-Ardhanga **,1,0.00,189,I,t,,1,jayanthi,77,N,-1,N,t,t,,N,,,N,
SERV0281,Sweda-JPS(Narangakizhi)-Sarvanga **,1,0.00,184,I,t,,1,jayanthi,77,N,-1,N,t,t,,N,,,N,
SERV0288,Sweda-SSPS(Navara Kizhi)-Ardhanga **,1,0.00,191,I,t,,1,jayanthi,77,N,-1,N,t,t,,N,,,N,
SERV0289,Sweda-SSPS(Navara Kizhi)-Ekanga **,1,0.00,192,I,t,,1,jayanthi,77,N,-1,N,t,t,,N,,,N,
SERV0276,Udwarthana-Kashaya (Sarvanga) **,1,0.00,179,I,t,,1,jayanthi,77,N,-1,N,t,t,,N,,,N,
SERV0277,Udwarthana-Taila (Sarvanga) **,1,0.00,180,I,t,,1,jayanthi,77,N,-1,N,t,t,,N,,,N,
SERV0345,Udwarthana-Kashaya (Ekanga) **,1,0.00,247,I,t,,1,jayanthi,77,N,-1,N,t,t,,N,,,N,
SERV0083,Sweda-SSPS(Navara Kizhi)-Ardhanga,,0.00,,I,t,,1,jayanthi,77,N,-1,N,f,f,,N,,,N,
SERV0055,Annalepanam (Njavara Teppu),,0.00,,I,t,,1,jayanthi,77,N,-1,N,f,f,,N,,,N,
SERV0710,Muciogingival Surgeries(Per Sextent),,0.00,70,A,t,,35,smitha,263,N,1,N,t,t,,N,,,,
SERV0058,Dhara-Ksheera-Ardhanga,,0.00,,I,t,,1,jayanthi,77,N,-1,N,f,f,,N,,,N,
SERV0192,Udwarthana-Kashaya (Ardhanga),1,0.00,,I,t,,1,jayanthi,77,N,-1,N,f,f,,N,,,N,
SERV0268,Abhyanga**,1,0.00,171,I,t,,1,jayanthi,77,N,-1,N,t,t,,N,,,N,
SERV0297,Dhara-Kashaya-Ardhanga **,1,0.00,200,I,t,,1,jayanthi,77,N,-1,N,t,t,,N,,,N,
SERV0298,Dhara-Kashaya-Ekanga**,1,0.00,201,I,t,,1,jayanthi,77,N,-1,N,t,t,,N,,,N,
SERV0299,Dhara-Kashaya-Shiro**,1,0.00,202,I,t,,1,jayanthi,77,N,-1,N,t,t,,N,,,N,
SERV0300,Dhara-Ksheera-Ardhanga**,1,0.00,203,I,t,,1,jayanthi,77,N,-1,N,t,t,,N,,,N,
SERV0306,Dhara-Taila-Ekanga**,1,0.00,209,I,t,,1,jayanthi,77,N,-1,N,t,t,,N,,,N,
SERV0305,Dhara-Taila-Ardhanga**,1,0.00,208,I,t,,1,jayanthi,77,N,-1,N,t,t,,N,,,N,
SERV0304,Dhara-Taila-Sarvanga**,1,0.00,207,I,t,,1,jayanthi,77,N,-1,N,t,t,,N,,,N,
SERV0291,Dhara-Takra-Ardhanga **,1,0.00,194,I,t,,1,jayanthi,77,N,-1,N,t,t,,N,,,N,
SERV0292,Dhara-Takra-Ekanga **,1,0.00,195,I,t,,1,jayanthi,77,N,-1,N,t,t,,N,,,N,
SERV0294,Sweda-JPS(Narangakizhi)-Ekanga **,1,0.00,197,I,t,,1,jayanthi,77,N,-1,N,t,t,,N,,,N,
SERV0290,Sweda-CPS (Podikizhi )-Ekanga **,1,0.00,193,I,t,,1,jayanthi,77,N,-1,N,t,t,,N,,,N,
SERV0308,Sweda-(Mamsa Kizhi) Sarvanga**,1,0.00,211,I,t,,1,jayanthi,77,N,-1,N,t,t,,N,,,N,
SERV0309,Sweda-(Mamsa Kizhi) Ardhanga**,1,0.00,212,I,t,,1,jayanthi,77,N,-1,N,t,t,,N,,,N,
SERV0311,Sweda-Nadi-Sarvanga**,1,0.00,214,I,t,,1,jayanthi,77,N,-1,N,t,t,,N,,,N,
SERV0310,Sweda-(Mamsa Kizhi) Ekanga**,1,0.00,213,I,t,,1,jayanthi,77,N,-1,N,t,t,,N,,,N,
SERV0312,Sweda-Nadi-Ardhanga**,,0.00,215,I,t,,1,jayanthi,77,N,-1,N,t,t,,N,,,N,
SERV0340,Sweda-Valuka-Sarvanga**,1,0.00,242,I,t,,1,jayanthi,77,N,-1,N,t,t,,N,,,N,
SERV0714,Chair Side Relining(Soft Liner),,0.00,74,A,t,,35,smitha,265,N,1,N,t,t,,N,,,,
SERV0720,All Ceramic(Per Unit)-Monolith(Zr),,0.00,80,A,t,,35,smitha,265,N,1,N,t,t,,N,,,,
SERV0316,Tarpanam - Hastatala (Manicure)**,1,0.00,219,I,t,,1,jayanthi,77,N,-1,N,t,t,,N,,,N,
SERV0315,Tarpanam-Padatala (Pedicure)**,1,0.00,218,I,t,,1,jayanthi,77,N,-1,N,t,t,,N,,,N,
SERV0354,Kshara Sutra Changing,1,0.00,31,A,t,,8,jayanthig,78,N,-1,N,t,t,,N,,,N,
SERV0355,Lekhana(Scrapping),1,0.00,32,A,t,,8,jayanthig,78,N,-1,N,t,t,,N,,,N,
SERV0356,Pulse Oxymeter / hr,1,0.00,33,A,t,,8,jayanthig,78,N,-1,N,t,t,,N,,,N,
SERV0357,Minor Gynaec Procedure,,0.00,10,A,t,,24,jayanthi,208,N,-1,N,t,t,,N,,,N,
SERV0358,Chemical cautery,1,0.00,11,A,t,,24,jayanthig,208,N,-1,N,t,t,,N,,,N,
SERV0383,Sweda-CPS (Podikizhi )-Ardhanga^,1,0.00,254,I,t,,1,jayanthi,77,N,-1,N,t,t,,N,,,N,
SERV0271,Sweda-SSPS(Navara Kizhi)-Sarvanga **,1,0.00,174,I,t,,1,jayanthi,77,N,-1,N,t,t,,N,,,N,
SERV0359,POP Cast (Forearm),1,0.00,34,A,t,,8,asha,78,N,-1,N,t,t,,N,,,N,
SERV0360,POP Cast (UpperArm),1,0.00,35,A,t,,8,jayanthig,78,N,-1,N,t,t,,N,,,N,
SERV0406,Pichu^,,0.00,277,I,t,,1,jayanthi,77,N,-1,N,t,t,,N,,,N,
SERV0361,POP Cast (Femur),1,0.00,36,A,t,,8,jayanthig,78,N,-1,N,t,t,,N,,,N,
SERV0368,Abhyanga ^,1,0.00,239,A,t,,1,jayanthig,77,N,-1,N,t,t,,N,,,N,
SERV0372,Udwarthana Kashaya (Sarvanga)^,1,0.00,75,A,t,,34,smitha,259,N,-1,N,t,t,,N,,,N,
SERV0371,Udwarthana (Sarvanga)^,1,0.00,242,A,t,,1,jayanthig,77,N,-1,N,t,t,,N,,,N,
SERV0712,Denture Relining(Single Arch),,0.00,72,A,t,,35,smitha,265,N,1,N,t,t,,N,,,,
SERV0373,Udwarthana-Taila (Sarvanga) ^,1,0.00,244,A,t,,1,jayanthig,77,N,-1,N,t,t,,N,,,N,
SERV0378,Udwarthana-Kashaya (Sarvanga) ^,1,0.00,249,I,t,,1,asha,77,N,-1,N,t,t,,N,,,N,
SERV0377,Dhara-Kashaya-Sarvanga ^,1,0.00,4,A,t,,34,smitha,259,N,-1,N,t,t,,N,,,N,
SERV0713,Denture Rebasing(Single Arch),,0.00,73,A,t,,35,smitha,265,N,1,N,t,t,,N,,,,
SERV0715,Single Complete Denture(Permanent),,0.00,75,A,t,,35,smitha,265,N,1,N,t,t,,N,,,,
SERV0380,Sweda-PPS(Elakizhi)-Ekanga ^,1,0.00,37,A,t,,34,smitha,259,N,-1,N,t,t,,N,,,N,
SERV0716,Cast Partial Denture(Per Arch),,0.00,76,A,t,,35,smitha,265,N,1,N,t,t,,N,,,,
SERV0056,Bandana (Bandage) **,,0.00,,I,t,,1,jayanthi,77,N,-1,N,f,f,,N,,,N,
SERV0379,Sweda-PPS(Elakizhi)-Ardhanga ^,1,0.00,38,A,t,,34,smitha,259,N,-1,N,t,t,,N,,,N,
SERV0718,Ceramic Facing(Per Unit),,0.00,78,A,t,,35,smitha,265,N,1,N,t,t,,N,,,,
SERV0719,Ceramic Coverage(Per Unit),,0.00,79,A,t,,35,smitha,265,N,1,N,t,t,,N,,,,
SERV0721,All Ceramic(Per Unit)-E-Max,,0.00,81,A,t,,35,smitha,265,N,1,N,t,t,,N,,,,
SERV0722,Re-Cementation(Per Unit),,0.00,82,A,t,,35,smitha,265,N,1,N,t,t,,N,,,,
SERV0725,Soft Splint,,0.00,85,A,t,,35,smitha,265,N,1,N,t,t,,N,,,,
SERV0727,Heat cure Provisional Restoration,,0.00,87,A,t,,35,smitha,265,N,1,N,t,t,,N,,,,
SERV0183,Udwarthana Ardhanga **,,0.00,,I,t,,1,jayanthi,77,N,-1,N,f,f,,N,,,N,
SERV0194,Udwarthana-Taila (Ardhanga) **,1,0.00,,I,t,,1,jayanthi,77,N,-1,N,f,f,,N,,,N,
SERV0195,Udwarthana-Taila (Ekanga) **,1,0.00,,I,t,,1,jayanthi,77,N,-1,N,f,f,,N,,,N,
SERV0728,Flexible RPD,,0.00,88,A,t,,35,smitha,265,N,1,N,t,t,,N,,,,
SERV0369,Sweda-PPS-Sarvanga ^,1,0.00,39,A,t,,34,smitha,259,N,-1,N,t,t,,N,,,N,
SERV0171,Kavala,1,0.00,,I,t,,29,jayanthig,82,N,-1,N,f,f,,N,,,N,
SERV0729,Precision Attachments(2 Unit Crown + 2 Unit RPD),,0.00,89,A,t,,35,smitha,265,N,1,N,t,t,,N,,,,
SERV0382,Sweda-SSPS(Navara Kizhi)-Ekanga ^,1,0.00,43,A,t,,34,smitha,259,N,-1,N,t,t,,N,,,N,
SERV0730,Veneers,,0.00,90,A,t,,35,smitha,265,N,1,N,t,t,,N,,,,
SERV0381,Sweda-SSPS(Navara Kizhi)-Ardhanga ^,1,0.00,44,A,t,,34,smitha,259,N,-1,N,t,t,,N,,,N,
SERV0370,Sweda-SSPS(Navara Kizhi)-Sarvanga ^,1,0.00,45,A,t,,34,smitha,259,N,-1,N,t,t,,N,,,N,
SERV0733,Single Implant with Crown(Pfm plus Noris),,0.00,93,A,t,,35,smitha,265,N,1,N,t,t,,N,,,,
SERV0352,Sweda-SSPS(Mamsa Navara Kizhi) Ekanga ^,1,0.00,46,A,t,,34,smitha,259,N,-1,N,t,t,,N,,,N,
SERV0734,Single Implant with Crown(Full Ceramic),,0.00,94,A,t,,35,smitha,265,N,1,N,t,t,,N,,,,
SERV0735,Single Implant with Crown(Zirconia abutment),,0.00,95,A,t,,35,smitha,265,N,1,N,t,t,,N,,,,
SERV0275,Udwarthana (Sarvanga)**,1,0.00,178,I,t,,1,jayanthi,77,N,-1,N,t,t,,N,,,N,
SERV0375,Dhara-Takra-Sarvanga^,1,0.00,56,A,t,,34,smitha,259,N,-1,N,t,t,,N,,,N,
SERV0770,Implant Dentium per unit,,0.00,104,A,t,,35,smitha,265,N,1,N,t,t,,N,,,,
SERV0353,Oushadha 6,1,0.00,,A,t,,29,sheenap,211,N,-1,N,t,t,,N,,,N,
SERV0374,Dhara-Takra-Shiro ^,1,0.00,57,A,t,,34,smitha,259,N,-1,N,t,t,,N,,,N,
SERV0736,Wart excision(small),,0.00,73,A,t,,8,smitha,78,N,-1,N,t,t,,N,,,,
SERV0737,Wart excision(medium),,0.00,74,A,t,,8,smitha,78,N,-1,N,t,t,,N,,,,
SERV0446,Thai Massage,1,0.00,295,I,t,,1,asha,77,N,-1,N,t,t,,N,,,N,
SERV0390,Dhara-Kashaya-Shiro^,1,0.00,261,A,t,,1,jayanthig,77,N,-1,N,t,t,,N,,,N,
SERV0393,Dhara-Taila-Sarvanga^,1,0.00,264,A,t,,1,jayanthig,77,N,-1,N,t,t,,N,,,N,
SERV0394,Dhara-Taila-Ardhanga^,1,0.00,265,A,t,,1,jayanthig,77,N,-1,N,t,t,,N,,,N,
SERV0395,Dhara-Taila-Ekanga^,1,0.00,266,A,t,,1,jayanthig,77,N,-1,N,t,t,,N,,,N,
SERV0402,Vasti-Shiro^,1,0.00,273,A,t,,1,jayanthig,77,N,-1,N,t,t,,N,,,N,
SERV0447,Suction Machine inside room,,0.00,,A,t,,8,jayanthig,78,N,-1,N,t,t,,N,,,N,
SERV0448,Cu-T Removal,1,0.00,12,A,t,,24,jayanthig,208,N,-1,N,t,t,,N,,,N,
SERV0453,Padabhyanga ^,1,0.00,296,A,t,,1,jayanthig,77,N,-1,N,t,t,,N,,,N,
SERV0454,Out Reach Yoga Session,1,0.00,17,A,t,,15,jayanthig,79,N,-1,N,t,t,,N,,,N,
SERV0389,Dhara-Kashaya-Ekanga^,1,0.00,2,A,t,,34,smitha,259,N,-1,N,t,t,,N,,,N,
SERV0388,Dhara-Kashaya-Ardhanga ^,1,0.00,3,A,t,,34,smitha,259,N,-1,N,t,t,,N,,,N,
SERV0387,Avagaham-Sarvanga^,1,0.00,13,A,t,,34,smitha,259,N,-1,N,t,t,,N,,,N,
SERV0386,Sweda-JPS(Narangakizhi)-Ekanga ^,1,0.00,21,A,t,,34,smitha,259,N,-1,N,t,t,,N,,,N,
SERV0011,Anal Dilatation / Anal Infilteration / Dressing,Each,0.00,,A,t,,8,jayanthig,78,N,-1,N,f,f,,N,,,N,
SERV0094,Virechana Package - Classical,,0.00,,I,t,,1,sheenap,77,N,-1,N,f,f,,N,,,N,
SERV0035,Abhyanga-Shiro ^,Each,0.00,,A,t,,1,jayanthig,77,N,-1,N,f,f,,N,,,N,
SERV0038,Sweda-Bashpa(Steam Bath) ^,Each,0.00,,A,t,,1,jayanthig,77,N,-1,N,f,f,,N,,,N,
SERV0043,Bandhana (Medium Wound),Each,0.00,,A,t,,8,jayanthig,78,N,-1,N,f,f,,N,,,N,
SERV0049,Vamanam ^,Each,0.00,,A,t,,1,asha,77,N,-1,N,f,f,,N,,,N,
SERV0051,Yoni Prakshalanam ^,Each,0.00,249,A,t,,24,jayanthig,208,N,-1,N,f,f,,N,,,N,
SERV0052,Abhyanga-Ekanga ^,,0.00,,A,t,,1,jayanthig,77,N,-1,N,f,f,,N,,,N,
SERV0053,Abhyanga-Ardhanga ^,,0.00,,A,t,,1,jayanthig,77,N,-1,N,f,f,,N,,,N,
SERV0054,Abhyanga-Spl Marma Sarvanga^,,0.00,,A,f,,1,asha,77,N,-1,N,f,f,,N,,,N,
SERV0063,Dhoopanam Karna ^,,0.00,,A,t,,1,jayanthig,77,N,-1,N,f,f,,N,,,N,
SERV0064,Pooranam Karna ^,,0.00,,A,t,,1,jayanthig,77,N,-1,N,f,f,,N,,,N,
SERV0069,Anjanam-Netra ^,,0.00,,A,t,,1,asha,77,N,-1,N,f,f,,N,,,N,
SERV0181,Corn Scraping,1,0.00,,A,t,,8,jayanthig,78,N,-1,N,f,f,,N,,,N,
SERV0019,Dhooma-Ksheera ^,Each,0.00,26,A,t,,34,smitha,259,N,-1,N,f,f,,N,,,N,
SERV0392,Dhara-Ksheera -Sarvanga^,1,0.00,27,A,t,,34,smitha,259,N,-1,N,t,t,,N,,,N,
SERV0391,Dhara-Ksheera-Ardhanga^,1,0.00,28,A,t,,34,smitha,259,N,-1,N,t,t,,N,,,N,
SERV0385,Dhara-Takra-Ekanga ^,1,0.00,54,A,t,,34,smitha,259,N,-1,N,t,t,,N,,,N,
SERV0384,Dhara-Takra-Ardhanga ^,1,0.00,55,A,t,,34,smitha,259,N,-1,N,t,t,,N,,,N,
SERV0400,Tarpanam - Hastatala (Manicure)^,1,0.00,77,A,t,,34,smitha,259,N,-1,N,t,t,,N,,,N,
SERV0401,Vasti-Jala ^,1,0.00,78,A,t,,34,smitha,259,N,-1,N,t,t,,N,,,N,
SERV0184,dressing,,0.00,,A,t,,8,jayanthig,78,N,-1,N,f,f,,N,,,N,
SERV0188,Bandhana Small (upto 10 inches),1,0.00,,A,t,,1,jayanthig,77,N,-1,N,f,f,,N,,,N,
SERV0334,Vasti-Greeva^,1,0.00,236,A,t,,1,jayanthig,77,N,-1,N,t,t,,N,,,N,
SERV0335,Vasti-Kati^,1,0.00,237,A,t,,1,jayanthig,77,N,-1,N,t,t,,N,,,N,
SERV0404,Nasya^,1,0.00,36,A,t,,34,smitha,259,N,-1,N,t,t,,N,,,N,
SERV0405,Nasya Pradamana^,1,0.00,276,A,t,,1,jayanthig,77,N,-1,N,t,t,,N,,,N,
SERV0259,Lepam-Sarvaga(Special) **,,0.00,162,I,t,,1,asha,77,N,-1,N,t,t,,N,,,N,
SERV0295,Avagaham Ekanga**,1,0.00,8,A,t,,34,smitha,259,N,-1,N,t,t,,N,,,N,
SERV0296,Avagaha-Pada**,1,0.00,9,A,t,,34,smitha,259,N,-1,N,t,t,,N,,,N,
SERV0303,Dhara-Ksheera-Shiro^,1,0.00,206,A,t,,1,jayanthig,77,N,-1,N,t,t,,N,,,N,
SERV0319,Vasti-Anuvasana^,1,0.00,222,A,t,,1,jayanthig,77,N,-1,N,t,t,,N,,,N,
SERV0333,Avagaham with Dhanyamla ^,1,0.00,11,A,t,,34,smitha,259,N,-1,N,t,t,,N,,,N,
SERV0321,Oushadha 1,1,0.00,1,A,t,,29,sheenap,211,N,-1,N,t,t,,N,,,N,
SERV0322,Oushadha 2,1,0.00,2,A,t,,29,sheenap,211,N,-1,N,t,t,,N,,,N,
SERV0323,Oushadha 3,,0.00,3,A,t,,29,sheenap,211,N,-1,N,t,t,,N,,,N,
SERV0324,Oushadha 4,,0.00,4,A,t,,29,sheenap,211,N,-1,N,t,t,,N,,,N,
SERV0325,Oushadha 5,1,0.00,5,A,t,,29,sheenap,211,N,-1,N,t,t,,N,,,N,
SERV0403,Sweda-CPS (Podikizhi )-Ekanga ^,1,0.00,15,A,t,,34,smitha,259,N,-1,N,t,t,,N,,,N,
SERV0313,Sweda-Nadi-Ekanga(medicated) ^,1,0.00,51,A,t,,34,smitha,259,N,-1,N,t,t,,N,,,N,
SERV0409,Dhoomapanam ^,1,0.00,280,A,t,,1,jayanthig,77,N,-1,N,t,t,,N,,,N,
SERV0320,Sweda-CPS (Podikizhi )-Ardhanga ^,1,0.00,16,A,t,,34,smitha,259,N,-1,N,t,t,,N,,,N,
SERV0274,Sweda-CPS (Podikizhi)-Sarvanga ^,1,0.00,17,A,t,,34,smitha,259,N,-1,N,t,t,,N,,,N,
SERV0318,Thalam^,,0.00,58,A,t,,34,smitha,259,N,-1,N,t,t,,N,,,N,
SERV0283,Lepam-Mukha (Facial) ^,1,0.00,18,A,t,,34,smitha,259,N,-1,N,t,t,,N,,,N,
SERV0293,Sweda-JPS(Narangakizhi)-Ardhanga ^,1,0.00,19,A,t,,34,smitha,259,N,-1,N,t,t,,N,,,N,
SERV0272,Vasti-Asthapana-Kashaya^,1,0.00,22,A,t,,34,smitha,259,N,-1,N,t,t,,N,,,N,
SERV0280,Lepam (Thalapodichil) - Shiro ^,1,0.00,59,A,t,,34,smitha,259,N,-1,N,t,t,,N,,,N,
SERV0273,Vasti-Asthapana-Ksheera^,1,0.00,24,A,t,,34,smitha,259,N,-1,N,t,t,,N,,,N,
SERV0301,Dhara-Ksheera-Ekanga^,1,0.00,29,A,t,,34,smitha,259,N,-1,N,t,t,,N,,,N,
SERV0269,Dhara-Dhanyamala-Sarvanga ^,,0.00,63,A,t,,34,smitha,259,N,-1,N,t,t,,N,,,N,
SERV0284,Dhara-Dhanyamla-Ardhanga ^,1,0.00,64,A,t,,34,smitha,259,N,-1,N,t,t,,N,,,N,
SERV0285,Dhara-Dhanyamla-Ekanga ^,1,0.00,65,A,t,,34,smitha,259,N,-1,N,t,t,,N,,,N,
SERV0314,Sweda-Putapakam-Netra**,1,0.00,68,A,t,,34,smitha,259,N,-1,N,t,t,,N,,,N,
SERV0326,Wound Debridement,1,0.00,31,A,t,,8,jayanthig,78,N,-1,N,t,t,,N,,,N,
SERV0327,Yoni - Sweda **,1,0.00,8,A,t,,24,jayanthig,208,N,-1,N,t,t,,N,,,N,
SERV0317,Upnaham Samamsam^,1,0.00,69,A,t,,34,smitha,259,N,-1,N,t,t,,N,,,N,
SERV0332,Annalepanam-Samamsa Ardhanga (Njavara Teppu)^,1,0.00,74,A,t,,34,smitha,259,N,-1,N,t,t,,N,,,N,
SERV0407,Gandoosham ^,1,0.00,79,A,t,,34,smitha,259,N,-1,N,t,t,,N,,,N,
SERV0408,Kavala ^,1,0.00,80,A,t,,34,smitha,259,N,-1,N,t,t,,N,,,N,
SERV0497,BPMT 3S (Sensory Stabilization Sovereignty)(7 Days),,0.00,31,I,t,,32,smitha,221,N,-1,N,t,t,,N,,,N,
SERV0429,Splint bandage change upperarm,1,0.00,59,A,t,,8,sheenap,78,N,-1,N,t,t,,N,,,N,
SERV0506,BPMT whole body relaxation(7 days),,0.00,40,I,t,,32,smitha,221,N,-1,N,t,t,,N,,,N,
SERV0498,BPMT Third Eye Threshold therapeutic,,0.00,32,I,t,,32,smitha,221,N,-1,N,t,t,,N,,,N,
SERV0512,BPMT Oordhwamoolaprakaranam,,0.00,46,I,t,,32,smitha,221,N,-1,N,t,t,,N,,,N,
SERV0516,Oxygen Supply per Hr,,0.00,53,A,t,,8,jayanthig,78,N,-1,N,t,t,,N,,,,
SERV0517,Abhyanga-Netra ^,,0.00,318,A,t,,1,jayanthig,77,N,-1,N,t,t,,N,,,,
SERV0500,BPMT Sirosoukhya(Vibration Therapy),,0.00,34,I,t,,32,smitha,221,N,-1,N,t,t,,N,,,N,
SERV0441,Shashtika Lepa,1,0.00,84,A,t,,34,smitha,259,N,-1,N,t,t,,N,,,N,
SERV0526,Hip Bath,,0.00,,A,t,,33,jayanthig,224,N,-1,N,t,t,,N,,,,
SERV0527,Abhyanga-Karna ^,,0.00,319,A,t,,1,jayanthig,77,N,-1,N,t,t,,N,,,,
SERV0432,Splint bandage change Ankle,1,0.00,336,A,t,,1,valsa,77,N,-1,N,t,t,,N,,,N,
SERV0529,Tarpanam-Netra - Mini ^,,0.00,308,A,t,,1,jayanthig,77,N,-1,N,t,t,,N,,,,
SERV0530,Tarpanam-Netra - Maha ^,,0.00,309,A,t,,1,jayanthig,77,N,-1,N,t,t,,N,,,,
SERV0507,BPMT BBR-2,,0.00,41,I,t,,32,smitha,221,N,-1,N,t,t,,N,,,N,
SERV0430,Splint Bandage Change Forearm,1,0.00,335,A,t,,1,sheenap,77,N,-1,N,t,t,,N,,,N,
SERV0501,BPMT Sirosoukhya,,0.00,35,I,t,,32,smitha,221,N,-1,N,t,t,,N,,,N,
SERV0431,Splint bandage Change Femur,1,0.00,336,A,t,,1,sheenap,77,N,-1,N,t,t,,N,,,N,
SERV0502,BPMT BOS(Body orientation support),,0.00,36,I,t,,32,smitha,221,N,-1,N,t,t,,N,,,N,
SERV0535,Abhyanga + Pooranam - KARNA,,0.00,314,A,t,,1,jayanthig,77,N,-1,N,t,t,,N,,,,
SERV0528,Sweda-SSPS(Navara Kizhi) - Netra ^,,0.00,255,A,t,,1,smitha,77,N,-1,N,t,t,,N,,,,
SERV0504,BPMT Therapeutic 21 days,,0.00,38,I,t,,32,smitha,221,N,-1,N,t,t,,N,,,N,
SERV0433,Strpping of chest changs bandage,1,0.00,50,A,t,,8,jayanthig,78,N,-1,N,t,t,,N,,,N,
SERV0434,Strapping of fingers Change Bandage,1,0.00,51,A,t,,8,jayanthig,78,N,-1,N,t,t,,N,,,N,
SERV0436,Agnikarma(Moxibustion),1,0.00,7,A,f,,34,smitha,259,N,-1,N,t,t,,N,,,N,
SERV0438,Oil Application ^,,0.00,293,I,t,,1,asha,77,N,-1,N,t,t,,N,,,N,
SERV0518,Annalepanam-Netra^,,0.00,87,A,t,,34,smitha,259,N,-1,N,t,t,,N,,,,
SERV0410,Lepam Ardhanga^,1,0.00,31,A,t,,34,smitha,259,N,-1,N,t,t,,N,,,N,
SERV0435,Vasti-Vankshana ^,1,0.00,292,A,t,,1,jayanthig,77,N,-1,N,t,t,,N,,,N,
SERV0532,Abhyanga + Annalepanam - NETRA,,0.00,89,A,t,,34,smitha,259,N,-1,N,t,t,,N,,,,
SERV0437,Oushadha 8,1,0.00,9,A,t,,29,sheenap,211,N,-1,N,t,t,,N,,,N,
SERV0442,Oushadha 9,1,0.00,10,A,f,,29,sheenap,211,N,-1,N,t,t,,N,,,N,
SERV0508,BPMT STC-1(Spinal Transmission correction),,0.00,42,I,t,,32,smitha,221,N,-1,N,t,t,,N,,,N,
SERV0509,BPMT NTS(Neuro Transmission support),,0.00,43,I,t,,32,smitha,221,N,-1,N,t,t,,N,,,N,
SERV0521,Pichu-Netra ^,,0.00,323,A,t,,1,jayanthig,77,N,-1,N,t,t,,N,,,,
SERV0522,Bandhana-Netra ^,,0.00,324,A,t,,1,jayanthig,77,N,-1,N,t,t,,N,,,,
SERV0510,BPMT NDC ( Neuro degeneration control),,0.00,44,I,t,,32,smitha,221,N,-1,N,t,t,,N,,,N,
SERV0523,Jalookavacharana - Netra (Leech Therapy) ^,,0.00,325,A,t,,1,jayanthig,77,N,-1,N,t,t,,N,,,,
SERV0524,Extra Leech ^,,0.00,306,A,t,,1,jayanthig,77,N,-1,N,t,t,,N,,,,
SERV0511,BPMT NDC-2 ( Neuro degeneration control),,0.00,45,I,t,,32,smitha,221,N,-1,N,t,t,,N,,,N,
SERV0533,Abhyanga + Dhoopanam + Pooranam - KARNA,,0.00,312,A,t,,1,jayanthig,77,N,-1,N,t,t,,N,,,,
SERV0534,Abhyanga + Dhoopanam- KARNA,,0.00,313,A,t,,1,jayanthig,77,N,-1,N,t,t,,N,,,,
SERV0426,Earwax Removal,1,0.00,43,A,t,,8,jayanthig,78,N,-1,N,t,t,,N,,,N,
SERV0427,Catheter/Ryle's tube clensing,1,0.00,44,A,t,,8,jayanthig,78,N,-1,N,t,t,,N,,,N,
SERV0428,Bladder wash,1,0.00,45,A,t,,8,jayanthig,78,N,-1,N,t,t,,N,,,N,
SERV0514,Vasti- Asthapana -Takra,,0.00,305,A,t,,1,jayanthig,77,N,-1,N,t,t,,N,,,,
SERV0515,Laghu Shankha Prakshalana(Salt Water),,0.00,18,A,t,,15,asha,79,N,-1,N,t,t,,N,,,,
SERV0525,Jalookavacharana (Leech Therapy) ^,,0.00,307,A,t,,1,jayanthig,77,N,-1,N,t,t,,N,,,,
SERV0520,Sweda-PPS-Karna ^,,0.00,40,A,t,,34,smitha,259,N,-1,N,t,t,,N,,,,
SERV0531,Abhyanga + Sweda-SSPS(Navara Kizhi) - NETRA,,0.00,90,A,t,,34,smitha,259,N,-1,N,t,t,,N,,,,
SERV0164,kashaya DS,,0.00,,A,t,,29,jayanthig,82,N,-1,N,f,f,,N,,,N,
SERV0165,Mamsa Rasa,,0.00,,A,t,,29,jayanthig,82,N,-1,N,f,f,,N,,,N,
SERV0166,Panaka,1,0.00,,A,t,,29,jayanthig,82,N,-1,N,f,f,,N,,,N,
SERV0189,Bandhana Medium (upto 50 inches),1,0.00,,A,t,,1,jayanthig,77,N,-1,N,f,f,,N,,,N,
SERV0190,Bandhana Large (more than 50 inches)5,1,0.00,,A,t,,1,jayanthig,77,N,-1,N,f,f,,N,,,N,
SERV0191,Additional Yoga Consultation,,0.00,,A,t,,15,jayanthig,79,N,-1,N,f,f,,N,,,N,
SERV0197,Vasti-Janu (Both) ^,1,0.00,,A,t,,1,jayanthig,77,N,-1,N,f,f,,N,,,N,
SERV0198,Ksheerapaka Special -1200Ml,ml,0.00,118,A,t,,29,jayanthig,82,N,-1,N,f,f,,N,,,N,
SERV0199,Eggwhite Preperation,1,0.00,119,A,t,,29,jayanthig,82,N,-1,N,f,f,,N,,,N,
SERV0542,BPMT Vibration Therapy,,0.00,47,I,t,,32,smitha,221,N,-1,N,t,t,,N,,,,
SERV0543,BPMT NTC(Neuro Transmission Correction),,0.00,48,I,t,,32,smitha,221,N,-1,N,t,t,,N,,,,
SERV0539,Sebaceous cyst excision,,0.00,55,A,t,,8,jayanthig,78,N,-1,N,t,t,,N,,,,
SERV0540,Ear keloid excision,,0.00,56,A,t,,8,jayanthig,78,N,-1,N,t,t,,N,,,,
SERV0541,Sweda-PPS (Eye),,0.00,41,A,t,,34,smitha,259,N,-1,N,t,t,,N,,,,
SERV0536,Aschyotanam(Prakshalanam) + Bandhana - NETRA,,0.00,91,A,t,,34,smitha,259,N,-1,N,t,t,,N,,,,
SERV0537,Dhara-Kashaya + Aschyotanam(Prakshalanam) - NETRA,,0.00,92,A,t,,34,smitha,259,N,-1,N,t,t,,N,,,,
SERV0538,Dhara-Kashaya+ Aschyotanam(Prakshalanam) + Bandhana - NETRA,,0.00,93,A,t,,34,smitha,259,N,-1,N,t,t,,N,,,,
SERV0544,BPMT STC-2(Spinal Transmission correction)7Days,,0.00,49,I,t,,32,smitha,221,N,-1,N,t,t,,N,,,,
SERV0145,TENs therapy,1,0.00,,A,t,,22,jayanthig,81,N,-1,N,f,f,,N,,,N,
SERV0146,Laser Therapy,,0.00,,A,t,,22,jayanthig,81,N,-1,N,f,f,,N,,,N,
SERV0147,Mobilization,1,0.00,,A,t,,22,jayanthig,81,N,-1,N,f,f,,N,,,N,
SERV0148,Chest Physiotherapy,,0.00,,A,t,,22,jayanthig,81,N,-1,N,f,f,,N,,,N,
SERV0149,UltraSonic Therapy + IFT,1,0.00,,A,t,,22,jayanthig,81,N,-1,N,f,f,,N,,,N,
SERV0150,UltraSonic Therapy +TENs,,0.00,,A,t,,22,jayanthig,81,N,-1,N,f,f,,N,,,N,
SERV0547,BPMT Eye Pack,,0.00,52,I,t,,32,smitha,221,N,-1,N,t,t,,N,,,,
SERV0151,IFT + Shortwave,,0.00,,A,t,,22,jayanthig,81,N,-1,N,f,f,,N,,,N,
SERV0152,ultrasonic Therapy + Traction+IFT,1,0.00,,A,t,,22,jayanthig,81,N,-1,N,f,f,,N,,,N,
SERV0153,UltraSonic Therapy +Shortwave + IFT,1,0.00,,A,t,,22,jayanthig,81,N,-1,N,f,f,,N,,,N,
SERV0154,UltraSonic Therapy + Laser Therapy,1,0.00,,A,t,,22,jayanthig,81,N,-1,N,f,f,,N,,,N,
SERV0155,Vastra Dhauti,1,0.00,,A,t,,15,jayanthig,79,N,-1,N,f,f,,N,,,N,
SERV0156,Meditation,1,0.00,,A,t,,15,jayanthig,79,N,-1,N,f,f,,N,,,N,
SERV0157,Trataka,1,0.00,,A,t,,15,jayanthig,79,N,-1,N,f,f,,N,,,N,
SERV0158,Kunjal/Vamana Dhauti,1,0.00,,A,t,,15,jayanthig,79,N,-1,N,f,f,,N,,,N,
SERV0159,Exercise Therapy,,0.00,,A,t,,22,jayanthig,81,N,-1,N,f,f,,N,,,N,
SERV0162,OT Charge,1,0.00,,A,t,,8,jayanthig,78,N,-1,N,f,f,,N,,,N,
SERV0163,Kashaya,,0.00,,A,t,,29,jayanthig,82,N,-1,N,f,f,,N,,,N,
SERV0463,BPMT Music Therapy(Autism),,0.00,30,I,t,,32,smitha,221,N,-1,N,t,t,,N,,,N,
SERV0466,BPMT Gandhamadhana Kriya,,0.00,1,I,t,,32,smitha,221,O,-1,N,t,t,,N,,,Y,
SERV0467,BPMT Medicated Body Steam,,0.00,2,I,t,,32,smitha,221,O,-1,N,t,t,,N,,,Y,
SERV0468,BPMT Medicated dhoomapan,,0.00,3,I,t,,32,smitha,221,O,-1,N,t,t,,N,,,Y,
SERV0554,BPMT Neuro Relaxation (Therapeutic),,0.00,59,I,t,,32,smitha,221,N,-1,N,t,t,,N,,,,
SERV0559,BPMT Neuro/Psychiatry Categoryb -1 (Serve Issues),,0.00,60,I,t,,32,smitha,221,N,-1,N,t,t,,N,,,,
SERV0558,Lepam-Special (Mud Pack),,0.00,268,A,t,,1,asha,77,N,-1,N,t,t,,N,,,,
SERV0560,BPMT Back Pain Therapy,,0.00,61,I,t,,32,smitha,221,N,-1,N,t,t,,N,,,,
SERV0457,Sweda-Nadi-Ardhanga (medicated)^,,0.00,52,A,t,,34,smitha,259,N,-1,N,t,t,,N,,,N,
SERV0458,Sweda-Nadi-Sarvanga (medicated)^,,0.00,53,A,t,,34,smitha,259,N,-1,N,t,t,,N,,,N,
SERV0561,BPMT Arthritic and Pain Care - Spec,,0.00,62,I,t,,32,smitha,221,N,-1,N,t,t,,N,,,,
SERV0562,BPMT Pain Care - General,,0.00,63,I,t,,32,smitha,221,N,-1,N,t,t,,N,,,,
SERV0563,De-Stress And Relaxation Program Weekend,,0.00,64,I,t,,32,smitha,221,N,-1,N,t,t,,N,,,,
SERV0460,Annalepanam (ekanga),,0.00,85,A,t,,34,smitha,259,N,-1,N,t,t,,N,,,N,
SERV0464,Sweda-SSPS(Navara Kizhi)-Netra Samamsa,,0.00,86,A,t,,34,smitha,259,N,-1,N,t,t,,N,,,N,
SERV0462,Speech Therapy,,0.00,2,I,t,,31,smitha,219,N,-1,N,t,t,,N,,,N,
SERV0469,BPMT Third Eye Threshold(Refreshment),,0.00,4,I,t,,32,smitha,221,O,-1,N,t,t,,N,,,Y,
SERV0470,BPMT Kayasoukhya,,0.00,5,I,t,,32,smitha,221,O,-1,N,t,t,,N,,,Y,
SERV0555,Naturopathy Cold Hip Bath,,0.00,1,A,t,,33,sheenap,224,N,-1,N,t,t,,N,,,,
SERV0556,Naturopathy Cold Immersion Bath,,0.00,2,A,t,,33,sheenap,224,N,-1,N,t,t,,N,,,,
SERV0557,Naturopathy under water massage,,0.00,3,A,t,,33,sheenap,224,N,-1,N,t,t,,N,,,,
SERV0564,Hot Hip Bath With ESPSOM Salt,,0.00,5,A,t,,33,sheenap,224,N,-1,N,t,t,,N,,,,
SERV0455,Dhara-Kashaya-Netra ^,,0.00,297,A,t,,1,jayanthig,77,N,-1,N,t,t,,N,,,N,
SERV0475,BPMT Neuro-Psychiatric - Exclusive,,0.00,10,I,t,,32,smitha,221,O,-1,N,t,t,,N,,,Y,
SERV0459,Upanaham-Special,,0.00,301,A,t,,1,jayanthig,77,N,-1,N,t,t,,N,,,N,
SERV0476,BPMT Backbone & Spinal Support - BBR,,0.00,11,I,t,,32,smitha,221,O,-1,N,t,t,,N,,,Y,
SERV0461,Guda Varti,,0.00,28,A,t,,29,jayanthig,77,N,-1,N,t,t,,N,,,N,
SERV0480,BPMT Arthritic and Pain Care - General,,0.00,15,I,t,,32,smitha,221,O,-1,N,t,t,,N,,,Y,
SERV0545,BPMT 3S (Therapeutic)7 Days,,0.00,50,I,t,,32,smitha,221,N,-1,N,t,t,,N,,,,
SERV0546,BPMT Kayasoukhya Steaming,,0.00,51,I,t,,32,smitha,221,N,-1,N,t,t,,N,,,,
SERV0548,BPMT Music Therapy (Live),,0.00,53,I,t,,32,smitha,221,N,-1,N,t,t,,N,,,,
SERV0549,BPMT Koumudikriya(7 Days),,0.00,54,I,t,,32,smitha,221,N,-1,N,t,t,,N,,,,
SERV0550,BPMT Therapeutic Support For Autism,,0.00,55,I,t,,32,smitha,221,N,-1,N,t,t,,N,,,,
SERV0551,BPMT Neuro Relaxation Therapy(7 Days),,0.00,56,I,t,,32,smitha,221,N,-1,N,t,t,,N,,,,
SERV0552,BPMT Movement Therapy (Initiation of 3 Days),,0.00,57,I,t,,32,smitha,221,N,-1,N,t,t,,N,,,,
SERV0553,BPMT Neuro/Psychiatry Normal Support,,0.00,58,I,t,,32,smitha,221,N,-1,N,t,t,,N,,,,
SERV0597,Long wave Therapy,,0.00,24,A,t,,22,sheenap,81,N,-1,N,t,t,,N,,,,
SERV0598,Shoulder Wheel Therapy,,0.00,25,A,t,,22,sheenap,81,N,-1,N,t,t,,N,,,,
SERV0599,Qadriceps Therapy,,0.00,26,A,t,,22,sheenap,81,N,-1,N,t,t,,N,,,,
SERV0600,Patient Lifting Therapy,,0.00,27,A,t,,22,sheenap,81,N,-1,N,t,t,,N,,,,
SERV0601,Recumbent Bike,,0.00,28,A,t,,22,sheenap,81,N,-1,N,t,t,,N,,,,
SERV0602,Vacuum Dressing,,0.00,62,A,t,,8,sheenap,78,N,-1,N,t,t,,N,,,,
SERV0138,Moderate Surgical/ParaSurgical Procedure,,0.00,,A,t,,8,jayanthig,78,N,-1,N,f,f,,N,,,N,
SERV0139,Major Surgical/ParaSurgical Procedure,,0.00,,A,t,,8,jayanthig,78,N,-1,N,f,f,,N,,,N,
SERV0140,Partial Fistulectomy and primary threading,,0.00,,A,t,,8,jayanthig,78,N,-1,N,f,f,,N,,,N,
SERV0141,Ultra sonic Therapy,1,0.00,,A,t,,22,jayanthig,81,N,-1,N,f,f,,N,,,N,
SERV0142,IFT,1,0.00,,A,t,,22,jayanthig,81,N,-1,N,f,f,,N,,,N,
SERV0143,Stimulation,1,0.00,,A,t,,22,jayanthig,81,N,-1,N,f,f,,N,,,N,
SERV0144,Shortwave Therapy,1,0.00,,A,t,,22,jayanthig,81,N,-1,N,f,f,,N,,,N,
SERV0167,Paneeya,1,0.00,,A,t,,29,jayanthig,82,N,-1,N,f,f,,N,,,N,
SERV0168,kalka,1,0.00,,A,t,,29,jayanthig,82,N,-1,N,f,f,,N,,,N,
SERV0169,Swarasa,,0.00,,A,t,,29,jayanthig,82,N,-1,N,f,f,,N,,,N,
SERV0170,Phanta,,0.00,,A,t,,29,jayanthig,82,N,-1,N,f,f,,N,,,N,
SERV0172,Ksheerapaka,1,0.00,,A,t,,29,jayanthig,82,N,-1,N,f,f,,N,,,N,
SERV0173,Ksheerapaka DS,,0.00,,A,t,,29,jayanthig,82,N,-1,N,f,f,,N,,,N,
SERV0174,Takra,1,0.00,,A,t,,29,jayanthig,82,N,-1,N,f,f,,N,,,N,
SERV0176,Antenatal Yoga,1,0.00,,A,t,,15,jayanthig,79,N,-1,N,f,f,,N,,,N,
SERV0177,Postnatal yoga,1,0.00,,A,t,,15,jayanthig,79,N,-1,N,f,f,,N,,,N,
SERV0180,Mantha,1,0.00,,A,t,,29,jayanthig,82,N,-1,N,f,f,,N,,,N,
SERV0565,Neutral Immersion Bath,,0.00,6,A,t,,33,sheenap,224,N,-1,N,t,t,,N,,,,
SERV0566,Hot Immersion Bath With ESPSOM Salt,,0.00,7,A,t,,33,sheenap,224,N,-1,N,t,t,,N,,,,
SERV0567,Naturopathy A,,0.00,8,A,t,,33,sheenap,224,N,-1,N,t,t,,N,,,,
SERV0568,Naturopathy B,,0.00,9,A,t,,33,sheenap,224,N,-1,N,t,t,,N,,,,
SERV0569,Naturopathy C,,0.00,10,A,t,,33,sheenap,224,N,-1,N,t,t,,N,,,,
SERV0570,Ascitis Tapping,,0.00,57,A,t,,8,sheenap,78,N,-1,N,f,f,,N,,,,
SERV0571,LT Charges,,0.00,13,A,t,,24,asha,29,N,-1,N,t,t,,N,GYN,,,
SERV0572,Baby Care,,0.00,14,A,t,,24,sheenap,208,N,-1,N,t,t,,N,,,,
SERV0573,Gyneacologist,,0.00,15,A,t,,24,sheenap,208,N,-1,N,t,t,,N,,,,
SERV0574,Peadiatric Charges,,0.00,16,A,t,,24,sheenap,208,N,-1,N,t,t,,N,,,,
SERV0595,Physio Ball Therapy1/2 Hr,,0.00,22,A,t,,22,sheenap,81,N,-1,N,t,t,,N,,,,
SERV0596,Physio Ball Therapy 1 hr,,0.00,23,A,t,,22,sheenap,81,N,-1,N,t,t,,N,,,,
SERV0398,Sweda-Nadi-Ardhanga^,1,0.00,49,A,t,,34,smitha,259,N,-1,N,t,t,,N,,,N,
SERV0397,Sweda-Nadi-Sarvanga^,,0.00,50,A,t,,34,smitha,259,N,-1,N,t,t,,N,,,N,
SERV0399,Tarpanam-Padatala (Pedicure)^,1,0.00,76,A,t,,34,smitha,259,N,-1,N,t,t,,N,,,N,
SERV0396,Dhara-Taila-Shiro^,1,0.00,267,A,t,,1,jayanthig,77,N,-1,N,t,t,,N,,,N,
SERV0589,Wart excision(large),,0.00,59,A,t,,8,smitha,78,N,-1,N,t,t,,N,,,,
SERV0580,Cyst Excision(medium),,0.00,62,A,t,,8,smitha,78,N,-1,N,f,f,,N,,,,
SERV0583,Avagaham-Ano rectal^,,0.00,10,A,t,,34,smitha,259,N,-1,N,t,t,,N,,,,
SERV0575,Sweda-CPS-netra,,0.00,94,A,t,,34,smitha,259,N,-1,N,t,t,,N,,,,
SERV0587,Upanaham-Ardhanga ^,,0.00,95,A,t,,34,smitha,259,N,-1,N,t,t,,N,,,,
SERV0594,Flush therapy,Each,0.00,,A,t,,8,prashantbv,78,N,-1,N,f,f,,N,,,,
SERV0576,Sebaceous cyst excision(Major OT),,0.00,58,A,t,,8,sheenap,78,N,-1,N,t,t,,N,,,,
SERV0577,Incision & Drainage- Medium,,0.00,59,A,t,,8,sheenap,78,N,-1,N,f,f,,N,,,,
SERV0578,Incision & Drainage- Big,,0.00,60,A,t,,8,sheenap,78,N,-1,N,f,f,,N,,,,
SERV0579,Seevana Karma (Suturing) /Suture-Extra Stich,,0.00,61,A,t,,8,sheenap,78,N,-1,N,f,f,,N,,,,
SERV0581,Kshara sutra ligation followed by excision( Minor OT),,0.00,63,A,t,,8,sheenap,68,N,-1,N,t,t,,N,,,,
SERV0582,Eye Kit,,0.00,1,A,t,,26,sheenap,0,N,-1,N,t,t,,N,,,,
SERV0584,steam inhalation,,0.00,9,A,t,,30,asha,136,N,-1,N,t,t,,N,,,,
SERV0585,Cathetirization,,0.00,65,A,t,,8,asha,136,N,-1,N,t,t,,N,,,,
SERV0586,Suction machine usage / Hour,,0.00,66,A,t,,8,asha,136,N,-1,N,t,t,,N,,,,
SERV0588,Copper-T Removal,,0.00,,A,t,,24,sheenap,208,N,-1,N,t,t,,N,,,,
SERV0590,Copper-T Insertion,,0.00,18,A,t,,24,sheenap,208,N,-1,N,t,t,,N,,,,
SERV0591,MAD - Agnikarma,,0.00,60,A,f,,8,sheenap,78,N,-1,N,t,t,,N,,,,
SERV0592,Kshara sutra ligation,,0.00,19,A,t,,24,sheenap,208,N,-1,N,t,t,,N,,,,
SERV0593,Yoni Dhupana^^,,0.00,61,A,t,,24,sheenap,77,N,-1,N,t,t,,N,,,,
